date,deaths_<=39,deaths_40-49,deaths_50-59,deaths_60-69,deaths_70-79,deaths_80-89,deaths_>=90,vaccinated_pct_<=39,vaccinated_pct_40-49,vaccinated_pct_50-59,vaccinated_pct_60-69,vaccinated_pct_70-79,vaccinated_pct_80-89,vaccinated_pct_>=90,deaths_7d,vaccinated_pct
2020-04-09,0.00,0.00,0.00,0.00,0.00,0.00,0.00,0.00,0.00,0.00,0.00,0.00,0.00,0.00,0.00,0.00
2020-04-10,0.00,0.00,0.00,0.00,0.00,0.00,0.00,0.00,0.00,0.00,0.00,0.00,0.00,0.00,0.00,0.00
2020-04-11,0.00,0.00,0.00,0.00,0.00,0.00,0.00,0.00,0.00,0.00,0.00,0.00,0.00,0.00,0.00,0.00
2020-04-12,0.43,0.29,0.71,1.71,4.43,4.71,1.14,0.00,0.00,0.00,0.00,0.00,0.00,0.00,13.43,0.00
2020-04-13,0.14,0.14,0.71,0.71,1.57,2.71,0.86,0.00,0.00,0.00,0.00,0.00,0.00,0.00,6.86,0.00
2020-04-14,0.29,0.00,0.86,0.86,2.00,2.71,0.57,0.00,0.00,0.00,0.00,0.00,0.00,0.00,7.29,0.00
2020-04-15,0.14,0.00,0.86,0.71,2.14,2.86,0.86,0.00,0.00,0.00,0.00,0.00,0.00,0.00,7.57,0.00
2020-04-16,0.14,0.00,0.86,0.86,1.86,3.00,0.86,0.00,0.00,0.00,0.00,0.00,0.00,0.00,7.57,0.00
2020-04-17,0.14,0.00,1.14,1.00,1.86,3.00,1.00,0.00,0.00,0.00,0.00,0.00,0.00,0.00,8.14,0.00
2020-04-18,0.29,0.00,1.14,1.14,1.86,2.57,0.86,0.00,0.00,0.00,0.00,0.00,0.00,0.00,7.86,0.00
2020-04-19,0.29,0.00,1.29,2.00,2.29,2.57,1.00,0.00,0.00,0.00,0.00,0.00,0.00,0.00,9.43,0.00
2020-04-20,0.29,0.14,1.14,2.00,2.29,2.29,0.86,0.00,0.00,0.00,0.00,0.00,0.00,0.00,9.00,0.00
2020-04-21,0.14,0.29,0.86,2.00,1.86,2.29,0.86,0.00,0.00,0.00,0.00,0.00,0.00,0.00,8.29,0.00
2020-04-22,0.29,0.57,1.00,2.00,1.57,1.86,0.57,0.00,0.00,0.00,0.00,0.00,0.00,0.00,7.86,0.00
2020-04-23,0.29,0.71,0.86,2.14,1.57,1.86,0.57,0.00,0.00,0.00,0.00,0.00,0.00,0.00,8.00,0.00
2020-04-24,0.29,0.71,0.71,2.29,2.14,1.86,0.43,0.00,0.00,0.00,0.00,0.00,0.00,0.00,8.43,0.00
2020-04-25,0.14,0.86,0.43,2.14,2.43,1.71,0.86,0.00,0.00,0.00,0.00,0.00,0.00,0.00,8.57,0.00
2020-04-26,0.14,1.00,0.43,1.71,1.86,2.00,0.86,0.00,0.00,0.00,0.00,0.00,0.00,0.00,8.00,0.00
2020-04-27,0.14,1.00,0.43,1.71,2.43,2.00,0.71,0.00,0.00,0.00,0.00,0.00,0.00,0.00,8.43,0.00
2020-04-28,0.14,0.86,0.57,1.57,2.71,2.00,0.71,0.00,0.00,0.00,0.00,0.00,0.00,0.00,8.57,0.00
2020-04-29,0.00,0.71,0.43,1.71,3.14,2.57,1.00,0.00,0.00,0.00,0.00,0.00,0.00,0.00,9.57,0.00
2020-04-30,0.00,0.71,0.43,1.71,3.00,3.00,1.29,0.00,0.00,0.00,0.00,0.00,0.00,0.00,10.14,0.00
2020-05-01,0.00,0.71,0.57,1.57,2.71,3.29,1.43,0.00,0.00,0.00,0.00,0.00,0.00,0.00,10.29,0.00
2020-05-02,0.00,0.71,0.57,1.57,2.29,3.29,1.29,0.00,0.00,0.00,0.00,0.00,0.00,0.00,9.71,0.00
2020-05-03,0.00,0.57,0.43,1.29,2.29,3.43,1.29,0.00,0.00,0.00,0.00,0.00,0.00,0.00,9.29,0.00
2020-05-04,0.00,0.43,0.57,1.00,1.57,3.43,1.29,0.00,0.00,0.00,0.00,0.00,0.00,0.00,8.29,0.00
2020-05-05,0.14,0.57,0.43,1.14,1.71,3.29,1.29,0.00,0.00,0.00,0.00,0.00,0.00,0.00,8.57,0.00
2020-05-06,0.14,0.57,0.57,1.29,1.43,2.57,1.43,0.00,0.00,0.00,0.00,0.00,0.00,0.00,8.00,0.00
2020-05-07,0.14,0.57,0.57,1.29,1.57,2.14,1.14,0.00,0.00,0.00,0.00,0.00,0.00,0.00,7.43,0.00
2020-05-08,0.14,0.57,0.43,1.43,1.86,1.86,1.29,0.00,0.00,0.00,0.00,0.00,0.00,0.00,7.57,0.00
2020-05-09,0.29,0.71,0.57,1.43,2.29,2.00,1.29,0.00,0.00,0.00,0.00,0.00,0.00,0.00,8.57,0.00
2020-05-10,0.29,0.86,1.00,1.57,2.57,1.86,1.14,0.00,0.00,0.00,0.00,0.00,0.00,0.00,9.29,0.00
2020-05-11,0.43,1.29,0.86,2.29,3.71,2.14,1.14,0.00,0.00,0.00,0.00,0.00,0.00,0.00,11.86,0.00
2020-05-12,0.43,1.14,1.43,2.29,4.29,3.43,1.29,0.00,0.00,0.00,0.00,0.00,0.00,0.00,14.29,0.00
2020-05-13,0.43,1.29,1.43,3.00,5.14,4.29,1.14,0.00,0.00,0.00,0.00,0.00,0.00,0.00,16.71,0.00
2020-05-14,0.43,1.29,1.86,3.43,6.00,5.29,1.43,0.00,0.00,0.00,0.00,0.00,0.00,0.00,19.71,0.00
2020-05-15,0.43,1.71,2.43,3.71,6.29,5.71,1.86,0.00,0.00,0.00,0.00,0.00,0.00,0.00,22.14,0.00
2020-05-16,0.43,1.71,3.29,3.86,7.00,6.57,2.00,0.00,0.00,0.00,0.00,0.00,0.00,0.00,24.86,0.00
2020-05-17,0.43,1.71,3.43,4.86,8.29,7.14,2.43,0.00,0.00,0.00,0.00,0.00,0.00,0.00,28.29,0.00
2020-05-18,0.43,1.43,4.29,5.14,10.14,7.43,2.71,0.00,0.00,0.00,0.00,0.00,0.00,0.00,31.57,0.00
2020-05-19,0.43,1.57,3.86,5.86,10.43,8.71,2.86,0.00,0.00,0.00,0.00,0.00,0.00,0.00,33.71,0.00
2020-05-20,0.57,1.57,4.57,5.57,10.71,10.00,3.00,0.00,0.00,0.00,0.00,0.00,0.00,0.00,36.00,0.00
2020-05-21,0.86,1.86,4.57,6.14,12.00,9.71,3.14,0.00,0.00,0.00,0.00,0.00,0.00,0.00,38.29,0.00
2020-05-22,0.86,1.86,4.14,6.57,13.14,10.29,3.57,0.00,0.00,0.00,0.00,0.00,0.00,0.00,40.43,0.00
2020-05-23,0.71,1.71,4.14,7.71,14.00,10.43,3.71,0.00,0.00,0.00,0.00,0.00,0.00,0.00,42.43,0.00
2020-05-24,0.71,1.71,4.29,8.29,14.00,9.43,4.00,0.00,0.00,0.00,0.00,0.00,0.00,0.00,42.43,0.00
2020-05-25,0.86,1.71,4.57,9.43,12.29,9.86,4.29,0.00,0.00,0.00,0.00,0.00,0.00,0.00,43.00,0.00
2020-05-26,0.86,1.86,5.14,9.57,13.71,9.14,4.57,0.00,0.00,0.00,0.00,0.00,0.00,0.00,44.86,0.00
2020-05-27,1.29,1.86,4.71,10.43,14.57,8.86,4.57,0.00,0.00,0.00,0.00,0.00,0.00,0.00,46.29,0.00
2020-05-28,1.71,1.71,5.43,9.71,14.14,10.71,4.57,0.00,0.00,0.00,0.00,0.00,0.00,0.00,48.00,0.00
2020-05-29,1.86,1.43,6.43,10.29,14.43,12.14,3.71,0.00,0.00,0.00,0.00,0.00,0.00,0.00,50.29,0.00
2020-05-30,2.14,1.29,6.86,11.00,15.86,13.57,3.86,0.00,0.00,0.00,0.00,0.00,0.00,0.00,54.57,0.00
2020-05-31,2.29,1.71,7.86,12.14,18.00,15.86,4.14,0.00,0.00,0.00,0.00,0.00,0.00,0.00,62.00,0.00
2020-06-01,2.43,2.29,7.86,12.43,19.71,17.71,4.14,0.00,0.00,0.00,0.00,0.00,0.00,0.00,66.57,0.00
2020-06-02,2.43,2.29,8.29,14.00,21.86,18.57,4.57,0.00,0.00,0.00,0.00,0.00,0.00,0.00,72.00,0.00
2020-06-03,2.00,2.71,9.29,13.71,24.57,20.43,5.00,0.00,0.00,0.00,0.00,0.00,0.00,0.00,77.71,0.00
2020-06-04,4.14,3.43,15.00,30.86,50.43,46.86,11.57,0.00,0.00,0.00,0.00,0.00,0.00,0.00,162.29,0.00
2020-06-05,4.43,3.86,15.00,31.57,50.86,46.43,12.29,0.00,0.00,0.00,0.00,0.00,0.00,0.00,164.43,0.00
2020-06-06,4.14,4.00,13.86,30.43,48.00,44.29,11.71,0.00,0.00,0.00,0.00,0.00,0.00,0.00,156.43,0.00
2020-06-07,4.43,4.43,14.57,34.29,53.57,48.43,11.71,0.00,0.00,0.00,0.00,0.00,0.00,0.00,171.43,0.00
2020-06-08,4.71,4.57,15.00,36.57,58.57,51.86,13.29,0.00,0.00,0.00,0.00,0.00,0.00,0.00,184.57,0.00
2020-06-09,5.29,5.43,16.43,40.86,62.86,57.57,14.71,0.00,0.00,0.00,0.00,0.00,0.00,0.00,203.14,0.00
2020-06-10,6.14,5.57,19.00,47.43,66.57,62.86,15.29,0.00,0.00,0.00,0.00,0.00,0.00,0.00,222.86,0.00
2020-06-11,3.43,5.14,16.00,35.86,49.14,41.43,10.86,0.00,0.00,0.00,0.00,0.00,0.00,0.00,161.86,0.00
2020-06-12,3.43,4.71,15.14,35.43,47.57,40.14,10.43,0.00,0.00,0.00,0.00,0.00,0.00,0.00,156.86,0.00
2020-06-13,3.43,4.71,15.14,35.43,47.71,40.14,10.57,0.00,0.00,0.00,0.00,0.00,0.00,0.00,157.14,0.00
2020-06-14,3.57,5.86,16.14,35.43,47.71,42.57,11.57,0.00,0.00,0.00,0.00,0.00,0.00,0.00,162.86,0.00
2020-06-15,3.00,6.29,17.14,39.86,48.43,45.00,10.71,0.00,0.00,0.00,0.00,0.00,0.00,0.00,170.43,0.00
2020-06-16,2.86,5.71,18.29,41.43,50.00,46.29,10.14,0.00,0.00,0.00,0.00,0.00,0.00,0.00,174.71,0.00
2020-06-17,2.00,5.43,16.86,40.29,49.71,44.86,11.43,0.00,0.00,0.00,0.00,0.00,0.00,0.00,170.57,0.00
2020-06-18,2.29,5.71,15.86,39.71,47.29,43.57,10.71,0.00,0.00,0.00,0.00,0.00,0.00,0.00,165.14,0.00
2020-06-19,2.00,5.57,15.57,39.00,47.00,43.57,10.14,0.00,0.00,0.00,0.00,0.00,0.00,0.00,162.86,0.00
2020-06-20,2.00,5.43,15.29,38.14,46.29,43.14,10.00,0.00,0.00,0.00,0.00,0.00,0.00,0.00,160.29,0.00
2020-06-21,2.43,4.29,15.29,37.71,47.00,41.86,10.86,0.00,0.00,0.00,0.00,0.00,0.00,0.00,159.43,0.00
2020-06-22,2.57,3.43,14.86,35.43,44.86,38.43,12.14,0.00,0.00,0.00,0.00,0.00,0.00,0.00,151.71,0.00
2020-06-23,2.29,3.14,14.86,32.00,41.29,34.14,11.57,0.00,0.00,0.00,0.00,0.00,0.00,0.00,139.29,0.00
2020-06-24,3.00,4.00,14.29,32.86,40.86,33.71,21.57,0.00,0.00,0.00,0.00,0.00,0.00,0.00,150.29,0.00
2020-06-25,2.86,4.00,14.14,32.14,38.71,33.14,22.14,0.00,0.00,0.00,0.00,0.00,0.00,0.00,147.14,0.00
2020-06-26,2.71,4.43,14.86,33.14,40.43,34.29,23.43,0.00,0.00,0.00,0.00,0.00,0.00,0.00,153.29,0.00
2020-06-27,2.71,4.86,16.43,35.71,45.14,39.00,25.14,0.00,0.00,0.00,0.00,0.00,0.00,0.00,169.00,0.00
2020-06-28,2.00,4.14,14.00,31.14,37.00,33.71,24.00,0.00,0.00,0.00,0.00,0.00,0.00,0.00,146.00,0.00
2020-06-29,2.43,4.14,15.29,30.43,35.14,33.29,24.57,0.00,0.00,0.00,0.00,0.00,0.00,0.00,145.29,0.00
2020-06-30,2.14,4.57,13.57,29.14,33.43,33.29,24.29,0.00,0.00,0.00,0.00,0.00,0.00,0.00,140.43,0.00
2020-07-01,1.57,3.43,12.86,26.86,30.29,31.71,14.00,0.00,0.00,0.00,0.00,0.00,0.00,0.00,120.71,0.00
2020-07-02,1.57,2.86,12.29,25.43,29.71,29.00,13.29,0.00,0.00,0.00,0.00,0.00,0.00,0.00,114.14,0.00
2020-07-03,1.86,3.00,12.43,25.71,30.29,29.43,12.86,0.00,0.00,0.00,0.00,0.00,0.00,0.00,115.57,0.00
2020-07-04,2.00,2.57,11.86,24.43,27.86,26.14,11.71,0.00,0.00,0.00,0.00,0.00,0.00,0.00,106.57,0.00
2020-07-05,2.43,3.57,14.00,25.57,31.29,28.00,12.29,0.00,0.00,0.00,0.00,0.00,0.00,0.00,117.14,0.00
2020-07-06,2.14,3.86,12.29,23.00,30.71,26.29,10.57,0.00,0.00,0.00,0.00,0.00,0.00,0.00,108.86,0.00
2020-07-07,2.43,3.43,11.71,22.00,29.43,24.86,10.43,0.00,0.00,0.00,0.00,0.00,0.00,0.00,104.29,0.00
2020-07-08,2.14,3.14,11.14,21.71,29.00,22.43,8.86,0.00,0.00,0.00,0.00,0.00,0.00,0.00,98.43,0.00
2020-07-09,2.29,3.71,11.57,21.00,28.29,21.00,8.00,0.00,0.00,0.00,0.00,0.00,0.00,0.00,95.86,0.00
2020-07-10,2.14,3.43,11.14,20.29,26.43,20.71,7.29,0.00,0.00,0.00,0.00,0.00,0.00,0.00,91.43,0.00
2020-07-11,2.00,3.71,10.43,21.29,25.43,20.86,7.00,0.00,0.00,0.00,0.00,0.00,0.00,0.00,90.71,0.00
2020-07-12,1.43,3.00,9.00,22.57,24.29,21.00,6.29,0.00,0.00,0.00,0.00,0.00,0.00,0.00,87.57,0.00
2020-07-13,1.43,2.71,8.71,23.29,23.71,20.29,6.71,0.00,0.00,0.00,0.00,0.00,0.00,0.00,86.86,0.00
2020-07-14,6.71,10.00,27.00,51.43,58.86,51.71,18.00,0.00,0.00,0.00,0.00,0.00,0.00,0.00,223.71,0.00
2020-07-15,7.00,10.86,28.00,49.57,56.86,52.14,19.00,0.00,0.00,0.00,0.00,0.00,0.00,0.00,223.43,0.00
2020-07-16,7.00,10.14,26.86,48.57,54.14,52.29,18.71,0.00,0.00,0.00,0.00,0.00,0.00,0.00,217.71,0.00
2020-07-17,7.57,10.14,27.86,50.86,59.14,55.00,19.29,0.00,0.00,0.00,0.00,0.00,0.00,0.00,229.86,0.00
2020-07-18,7.57,10.00,28.14,49.71,60.14,55.00,19.14,0.00,0.00,0.00,0.00,0.00,0.00,0.00,229.71,0.00
2020-07-19,7.43,9.71,27.14,46.57,59.00,51.57,18.00,0.00,0.00,0.00,0.00,0.00,0.00,0.00,219.43,0.00
2020-07-20,7.00,10.00,27.71,45.43,59.29,52.57,19.14,0.00,0.00,0.00,0.00,0.00,0.00,0.00,221.14,0.00
2020-07-21,1.86,2.71,8.71,16.57,22.29,20.57,8.29,0.00,0.00,0.00,0.00,0.00,0.00,0.00,81.00,0.00
2020-07-22,2.00,2.00,8.43,17.29,23.43,20.43,8.57,0.00,0.00,0.00,0.00,0.00,0.00,0.00,82.14,0.00
2020-07-23,1.86,2.14,8.00,18.43,25.00,22.57,9.00,0.00,0.00,0.00,0.00,0.00,0.00,0.00,87.00,0.00
2020-07-24,1.43,2.57,7.57,16.57,21.57,20.57,8.86,0.00,0.00,0.00,0.00,0.00,0.00,0.00,79.14,0.00
2020-07-25,1.57,2.71,7.71,17.29,21.14,20.71,9.29,0.00,0.00,0.00,0.00,0.00,0.00,0.00,80.43,0.00
2020-07-26,1.86,3.00,7.29,17.43,19.43,20.57,9.86,0.00,0.00,0.00,0.00,0.00,0.00,0.00,79.43,0.00
2020-07-27,2.29,2.43,7.57,17.43,18.29,21.14,7.86,0.00,0.00,0.00,0.00,0.00,0.00,0.00,77.00,0.00
2020-07-28,2.00,2.71,8.43,17.71,18.00,20.43,8.29,0.00,0.00,0.00,0.00,0.00,0.00,0.00,77.57,0.00
2020-07-29,1.86,3.00,8.71,15.86,17.86,18.86,7.14,0.00,0.00,0.00,0.00,0.00,0.00,0.00,73.29,0.00
2020-07-30,1.57,3.14,9.14,15.00,17.43,17.71,6.86,0.00,0.00,0.00,0.00,0.00,0.00,0.00,70.86,0.00
2020-07-31,1.29,2.86,9.14,16.29,19.71,17.71,7.29,0.00,0.00,0.00,0.00,0.00,0.00,0.00,74.29,0.00
2020-08-01,1.43,2.86,9.29,15.43,19.14,16.71,7.29,0.00,0.00,0.00,0.00,0.00,0.00,0.00,72.14,0.00
2020-08-02,1.29,2.29,9.43,15.86,20.00,17.57,7.00,0.00,0.00,0.00,0.00,0.00,0.00,0.00,73.43,0.00
2020-08-03,1.29,2.57,8.14,15.43,21.00,17.00,7.71,0.00,0.00,0.00,0.00,0.00,0.00,0.00,73.14,0.00
2020-08-04,1.43,2.00,7.57,14.29,22.71,16.57,7.00,0.00,0.00,0.00,0.00,0.00,0.00,0.00,71.57,0.00
2020-08-05,1.14,1.57,6.43,14.00,22.71,16.29,6.14,0.00,0.00,0.00,0.00,0.00,0.00,0.00,68.29,0.00
2020-08-06,1.29,1.43,6.43,14.14,22.00,15.86,5.86,0.00,0.00,0.00,0.00,0.00,0.00,0.00,67.00,0.00
2020-08-07,1.43,1.29,6.00,12.43,19.43,14.71,6.43,0.00,0.00,0.00,0.00,0.00,0.00,0.00,61.71,0.00
2020-08-08,1.14,1.14,5.71,13.29,19.57,14.86,6.14,0.00,0.00,0.00,0.00,0.00,0.00,0.00,61.86,0.00
2020-08-09,1.14,1.29,5.29,12.86,18.43,14.29,5.71,0.00,0.00,0.00,0.00,0.00,0.00,0.00,59.00,0.00
2020-08-10,1.14,0.86,5.86,13.43,17.86,13.71,5.71,0.00,0.00,0.00,0.00,0.00,0.00,0.00,58.57,0.00
2020-08-11,1.14,1.43,5.29,13.71,15.43,12.43,5.14,0.00,0.00,0.00,0.00,0.00,0.00,0.00,54.57,0.00
2020-08-12,1.43,1.57,6.43,13.14,13.86,13.14,5.29,0.00,0.00,0.00,0.00,0.00,0.00,0.00,54.86,0.00
2020-08-13,1.43,1.86,5.57,12.14,14.86,12.43,5.29,0.00,0.00,0.00,0.00,0.00,0.00,0.00,53.57,0.00
2020-08-14,1.57,1.71,6.14,11.57,15.00,12.43,5.00,0.00,0.00,0.00,0.00,0.00,0.00,0.00,53.43,0.00
2020-08-15,1.57,1.57,6.00,11.00,15.57,11.57,5.29,0.00,0.00,0.00,0.00,0.00,0.00,0.00,52.57,0.00
2020-08-16,1.86,1.86,6.14,10.71,15.71,11.71,5.29,0.00,0.00,0.00,0.00,0.00,0.00,0.00,53.29,0.00
2020-08-17,1.57,2.14,5.57,10.57,16.14,12.00,5.14,0.00,0.00,0.00,0.00,0.00,0.00,0.00,53.14,0.00
2020-08-18,1.29,1.86,5.71,11.00,16.43,12.86,5.57,0.00,0.00,0.00,0.00,0.00,0.00,0.00,54.71,0.00
2020-08-19,1.00,2.14,5.29,12.14,16.86,12.43,6.86,0.00,0.00,0.00,0.00,0.00,0.00,0.00,56.71,0.00
2020-08-20,1.00,1.86,6.00,11.86,17.00,12.86,6.57,0.00,0.00,0.00,0.00,0.00,0.00,0.00,57.14,0.00
2020-08-21,0.71,2.71,6.00,12.71,16.57,13.14,5.71,0.00,0.00,0.00,0.00,0.00,0.00,0.00,57.57,0.00
2020-08-22,1.00,2.86,6.00,12.71,15.57,14.86,5.86,0.00,0.00,0.00,0.00,0.00,0.00,0.00,58.86,0.00
2020-08-23,0.71,2.57,6.29,12.57,15.29,14.71,6.71,0.00,0.00,0.00,0.00,0.00,0.00,0.00,58.86,0.00
2020-08-24,0.71,2.29,5.86,12.00,15.00,15.14,6.29,0.00,0.00,0.00,0.00,0.00,0.00,0.00,57.29,0.00
2020-08-25,1.43,2.29,5.86,11.71,14.86,16.43,5.86,0.00,0.00,0.00,0.00,0.00,0.00,0.00,58.43,0.00
2020-08-26,1.71,2.14,5.29,10.86,13.86,16.71,5.00,0.00,0.00,0.00,0.00,0.00,0.00,0.00,55.57,0.00
2020-08-27,2.00,2.14,4.14,11.86,13.29,16.43,6.14,0.00,0.00,0.00,0.00,0.00,0.00,0.00,56.00,0.00
2020-08-28,2.00,1.57,3.14,11.00,13.43,16.00,6.14,0.00,0.00,0.00,0.00,0.00,0.00,0.00,53.29,0.00
2020-08-29,1.71,1.57,3.00,10.57,13.43,15.71,5.86,0.00,0.00,0.00,0.00,0.00,0.00,0.00,51.86,0.00
2020-08-30,1.57,1.43,3.00,10.71,13.14,15.71,5.00,0.00,0.00,0.00,0.00,0.00,0.00,0.00,50.57,0.00
2020-08-31,1.71,2.14,4.00,9.71,12.43,14.57,5.43,0.00,0.00,0.00,0.00,0.00,0.00,0.00,50.00,0.00
2020-09-01,1.00,2.00,4.86,10.29,13.71,14.00,5.86,0.00,0.00,0.00,0.00,0.00,0.00,0.00,51.71,0.00
2020-09-02,0.71,2.29,4.71,10.29,15.29,13.43,6.14,0.00,0.00,0.00,0.00,0.00,0.00,0.00,52.86,0.00
2020-09-03,0.29,2.14,5.29,9.86,14.57,12.57,5.00,0.00,0.00,0.00,0.00,0.00,0.00,0.00,49.71,0.00
2020-09-04,0.29,2.14,6.00,10.57,15.57,12.29,5.00,0.00,0.00,0.00,0.00,0.00,0.00,0.00,51.86,0.00
2020-09-05,0.29,2.00,5.86,11.29,16.29,11.14,4.71,0.00,0.00,0.00,0.00,0.00,0.00,0.00,51.57,0.00
2020-09-06,0.43,2.14,5.43,10.57,16.43,11.43,4.71,0.00,0.00,0.00,0.00,0.00,0.00,0.00,51.14,0.00
2020-09-07,0.43,1.71,4.29,11.71,17.00,12.57,3.57,0.00,0.00,0.00,0.00,0.00,0.00,0.00,51.29,0.00
2020-09-08,0.86,2.00,3.14,11.00,17.86,12.43,3.57,0.00,0.00,0.00,0.00,0.00,0.00,0.00,50.86,0.00
2020-09-09,1.14,1.57,3.14,10.71,17.14,12.43,3.00,0.00,0.00,0.00,0.00,0.00,0.00,0.00,49.14,0.00
2020-09-10,1.43,1.71,2.86,11.14,17.43,13.29,3.14,0.00,0.00,0.00,0.00,0.00,0.00,0.00,51.00,0.00
2020-09-11,1.57,1.71,2.71,11.14,16.00,15.14,3.29,0.00,0.00,0.00,0.00,0.00,0.00,0.00,51.57,0.00
2020-09-12,1.57,1.71,2.86,10.29,15.57,15.86,3.29,0.00,0.00,0.00,0.00,0.00,0.00,0.00,51.14,0.00
2020-09-13,1.43,1.57,2.86,10.00,16.00,15.57,3.43,0.00,0.00,0.00,0.00,0.00,0.00,0.00,50.86,0.00
2020-09-14,1.14,1.71,3.14,10.14,15.00,16.43,4.00,0.00,0.00,0.00,0.00,0.00,0.00,0.00,51.57,0.00
2020-09-15,0.86,1.43,3.57,10.14,14.29,15.57,4.00,0.00,0.00,0.00,0.00,0.00,0.00,0.00,49.86,0.00
2020-09-16,0.86,1.57,3.57,10.29,14.86,15.71,4.43,0.00,0.00,0.00,0.00,0.00,0.00,0.00,51.29,0.00
2020-09-17,0.86,1.43,4.29,9.00,13.43,15.00,4.14,0.00,0.00,0.00,0.00,0.00,0.00,0.00,48.14,0.00
2020-09-18,0.71,1.00,3.43,7.29,12.00,12.57,3.71,0.00,0.00,0.00,0.00,0.00,0.00,0.00,40.71,0.00
2020-09-19,0.86,1.14,3.43,7.29,11.43,12.29,3.71,0.00,0.00,0.00,0.00,0.00,0.00,0.00,40.14,0.00
2020-09-20,0.86,1.14,3.71,8.00,11.00,12.14,4.14,0.00,0.00,0.00,0.00,0.00,0.00,0.00,41.00,0.00
2020-09-21,1.00,1.14,4.29,7.71,15.43,12.00,5.14,0.00,0.00,0.00,0.00,0.00,0.00,0.00,46.71,0.00
2020-09-22,1.00,1.29,4.29,7.00,15.29,12.86,5.14,0.00,0.00,0.00,0.00,0.00,0.00,0.00,46.86,0.00
2020-09-23,0.86,1.29,4.29,7.71,15.43,13.86,4.71,0.00,0.00,0.00,0.00,0.00,0.00,0.00,48.14,0.00
2020-09-24,0.86,1.29,4.57,7.71,16.29,14.71,5.29,0.00,0.00,0.00,0.00,0.00,0.00,0.00,50.71,0.00
2020-09-25,0.86,1.43,4.86,9.71,17.57,17.00,5.71,0.00,0.00,0.00,0.00,0.00,0.00,0.00,57.14,0.00
2020-09-26,0.71,1.43,5.00,10.14,17.29,17.00,6.14,0.00,0.00,0.00,0.00,0.00,0.00,0.00,57.71,0.00
2020-09-27,0.71,1.57,4.86,10.00,17.14,16.43,5.86,0.00,0.00,0.00,0.00,0.00,0.00,0.00,56.57,0.00
2020-09-28,1.00,1.57,4.86,9.00,15.14,13.71,5.14,0.00,0.00,0.00,0.00,0.00,0.00,0.00,50.43,0.00
2020-09-29,1.29,1.57,4.71,9.14,13.71,13.00,5.14,0.00,0.00,0.00,0.00,0.00,0.00,0.00,48.57,0.00
2020-09-30,1.29,1.57,5.29,8.29,13.14,11.71,5.57,0.00,0.00,0.00,0.00,0.00,0.00,0.00,46.86,0.00
2020-10-01,1.14,1.43,4.71,9.29,13.43,12.43,5.86,0.00,0.00,0.00,0.00,0.00,0.00,0.00,48.29,0.00
2020-10-02,1.43,1.71,5.14,8.57,14.14,11.86,5.57,0.00,0.00,0.00,0.00,0.00,0.00,0.00,48.43,0.00
2020-10-03,1.57,1.71,5.00,8.43,15.14,11.57,5.86,0.00,0.00,0.00,0.00,0.00,0.00,0.00,49.29,0.00
2020-10-04,1.71,1.71,5.00,8.57,15.14,12.00,5.71,0.00,0.00,0.00,0.00,0.00,0.00,0.00,49.86,0.00
2020-10-05,1.29,1.57,4.57,10.00,13.00,13.57,5.29,0.00,0.00,0.00,0.00,0.00,0.00,0.00,49.29,0.00
2020-10-06,1.14,1.29,5.00,10.00,13.43,14.43,5.14,0.00,0.00,0.00,0.00,0.00,0.00,0.00,50.43,0.00
2020-10-07,1.29,1.14,5.00,10.29,13.14,14.43,5.14,0.00,0.00,0.00,0.00,0.00,0.00,0.00,50.43,0.00
2020-10-08,1.29,1.43,4.86,9.71,12.86,13.29,5.00,0.00,0.00,0.00,0.00,0.00,0.00,0.00,48.43,0.00
2020-10-09,1.29,1.29,5.14,10.14,12.43,13.00,5.57,0.00,0.00,0.00,0.00,0.00,0.00,0.00,48.86,0.00
2020-10-10,1.29,1.29,5.14,9.57,11.71,12.86,4.71,0.00,0.00,0.00,0.00,0.00,0.00,0.00,46.57,0.00
2020-10-11,1.14,1.43,5.00,9.29,11.86,13.00,4.71,0.00,0.00,0.00,0.00,0.00,0.00,0.00,46.43,0.00
2020-10-12,1.14,1.43,4.43,6.71,10.14,10.29,4.00,0.00,0.00,0.00,0.00,0.00,0.00,0.00,38.14,0.00
2020-10-13,0.86,2.29,4.86,8.43,11.86,11.71,4.14,0.00,0.00,0.00,0.00,0.00,0.00,0.00,44.14,0.00
2020-10-14,0.71,2.29,4.86,9.00,11.43,13.00,3.86,0.00,0.00,0.00,0.00,0.00,0.00,0.00,45.14,0.00
2020-10-15,1.00,2.14,4.43,9.86,10.57,13.57,3.71,0.00,0.00,0.00,0.00,0.00,0.00,0.00,45.29,0.00
2020-10-16,1.00,2.14,4.14,9.43,10.14,12.57,3.00,0.00,0.00,0.00,0.00,0.00,0.00,0.00,42.43,0.00
2020-10-17,1.00,2.14,4.14,9.86,10.00,13.29,3.29,0.00,0.00,0.00,0.00,0.00,0.00,0.00,43.71,0.00
2020-10-18,1.00,1.86,5.00,9.71,9.86,13.00,3.00,0.00,0.00,0.00,0.00,0.00,0.00,0.00,43.43,0.00
2020-10-19,1.00,1.57,5.29,11.86,11.86,15.43,4.14,0.00,0.00,0.00,0.00,0.00,0.00,0.00,51.14,0.00
2020-10-20,1.29,0.71,4.14,11.29,9.43,14.43,3.71,0.00,0.00,0.00,0.00,0.00,0.00,0.00,45.00,0.00
2020-10-21,1.14,0.86,3.86,11.71,9.00,13.29,3.57,0.00,0.00,0.00,0.00,0.00,0.00,0.00,43.43,0.00
2020-10-22,0.86,0.71,4.29,11.86,9.29,13.71,3.43,0.00,0.00,0.00,0.00,0.00,0.00,0.00,44.14,0.00
2020-10-23,0.57,0.86,4.29,11.71,10.14,15.00,4.14,0.00,0.00,0.00,0.00,0.00,0.00,0.00,46.71,0.00
2020-10-24,0.71,0.86,4.14,11.57,10.71,14.43,3.86,0.00,0.00,0.00,0.00,0.00,0.00,0.00,46.29,0.00
2020-10-25,0.71,0.86,3.29,11.57,10.29,14.14,3.86,0.00,0.00,0.00,0.00,0.00,0.00,0.00,44.71,0.00
2020-10-26,0.86,1.43,3.86,12.00,11.86,13.57,3.00,0.00,0.00,0.00,0.00,0.00,0.00,0.00,46.57,0.00
2020-10-27,0.71,1.86,3.86,11.43,11.86,12.14,3.00,0.00,0.00,0.00,0.00,0.00,0.00,0.00,44.86,0.00
2020-10-28,1.00,2.00,3.86,10.00,12.86,12.43,2.86,0.00,0.00,0.00,0.00,0.00,0.00,0.00,45.00,0.00
2020-10-29,0.86,2.14,3.86,9.43,13.57,10.43,3.00,0.00,0.00,0.00,0.00,0.00,0.00,0.00,43.29,0.00
2020-10-30,1.14,2.00,3.71,9.43,12.57,11.00,2.86,0.00,0.00,0.00,0.00,0.00,0.00,0.00,42.71,0.00
2020-10-31,0.86,1.86,3.57,9.57,12.29,10.86,2.86,0.00,0.00,0.00,0.00,0.00,0.00,0.00,41.86,0.00
2020-11-01,0.86,1.86,3.86,9.43,13.14,11.86,3.00,0.00,0.00,0.00,0.00,0.00,0.00,0.00,44.00,0.00
2020-11-02,0.71,1.43,4.14,7.71,12.00,11.14,3.71,0.00,0.00,0.00,0.00,0.00,0.00,0.00,40.86,0.00
2020-11-03,0.86,1.14,4.29,6.86,13.29,11.29,4.00,0.00,0.00,0.00,0.00,0.00,0.00,0.00,41.71,0.00
2020-11-04,0.57,0.71,4.43,6.57,13.00,12.29,4.14,0.00,0.00,0.00,0.00,0.00,0.00,0.00,41.71,0.00
2020-11-05,0.86,0.86,4.29,6.14,12.86,13.43,3.86,0.00,0.00,0.00,0.00,0.00,0.00,0.00,42.29,0.00
2020-11-06,1.00,0.71,4.00,6.00,13.71,12.00,3.43,0.00,0.00,0.00,0.00,0.00,0.00,0.00,40.86,0.00
2020-11-07,1.29,0.86,4.29,5.43,13.71,12.57,3.57,0.00,0.00,0.00,0.00,0.00,0.00,0.00,41.71,0.00
2020-11-08,1.43,1.00,4.29,6.00,13.71,11.71,3.71,0.00,0.00,0.00,0.00,0.00,0.00,0.00,41.86,0.00
2020-11-09,1.57,1.29,3.43,7.00,13.14,12.00,3.71,0.00,0.00,0.00,0.00,0.00,0.00,0.00,42.14,0.00
2020-11-10,1.57,1.14,3.57,7.71,11.86,11.86,3.43,0.00,0.00,0.00,0.00,0.00,0.00,0.00,41.14,0.00
2020-11-11,1.86,1.43,3.00,7.57,11.29,10.71,3.86,0.00,0.00,0.00,0.00,0.00,0.00,0.00,39.71,0.00
2020-11-12,1.57,1.43,2.71,7.57,11.43,10.57,4.14,0.00,0.00,0.00,0.00,0.00,0.00,0.00,39.43,0.00
2020-11-13,1.14,1.43,3.57,7.86,10.14,10.57,4.57,0.00,0.00,0.00,0.00,0.00,0.00,0.00,39.29,0.00
2020-11-14,0.86,1.29,3.71,8.14,10.00,10.14,4.71,0.00,0.00,0.00,0.00,0.00,0.00,0.00,38.86,0.00
2020-11-15,0.86,1.14,3.43,8.14,9.29,10.29,4.57,0.00,0.00,0.00,0.00,0.00,0.00,0.00,37.71,0.00
2020-11-16,0.86,0.86,3.29,7.71,9.57,9.86,4.43,0.00,0.00,0.00,0.00,0.00,0.00,0.00,36.57,0.00
2020-11-17,0.86,1.00,3.00,7.29,10.14,10.43,5.14,0.00,0.00,0.00,0.00,0.00,0.00,0.00,37.86,0.00
2020-11-18,0.86,0.71,3.29,7.57,9.29,10.00,4.43,0.00,0.00,0.00,0.00,0.00,0.00,0.00,36.14,0.00
2020-11-19,0.86,0.71,3.43,8.00,8.71,10.00,4.00,0.00,0.00,0.00,0.00,0.00,0.00,0.00,35.71,0.00
2020-11-20,0.86,0.86,2.71,7.57,8.86,9.86,4.00,0.00,0.00,0.00,0.00,0.00,0.00,0.00,34.71,0.00
2020-11-21,0.86,1.00,3.00,7.57,9.14,9.86,4.00,0.00,0.00,0.00,0.00,0.00,0.00,0.00,35.43,0.00
2020-11-22,0.71,1.14,3.29,7.14,9.00,9.43,3.71,0.00,0.00,0.00,0.00,0.00,0.00,0.00,34.43,0.00
2020-11-23,1.14,1.57,4.57,8.29,9.71,10.86,3.86,0.00,0.00,0.00,0.00,0.00,0.00,0.00,40.00,0.00
2020-11-24,0.86,1.43,4.57,8.71,9.86,10.14,3.71,0.00,0.00,0.00,0.00,0.00,0.00,0.00,39.29,0.00
2020-11-25,0.71,1.57,4.43,9.57,11.29,10.29,3.86,0.00,0.00,0.00,0.00,0.00,0.00,0.00,41.71,0.00
2020-11-26,0.71,1.71,4.57,9.29,11.14,9.71,3.86,0.00,0.00,0.00,0.00,0.00,0.00,0.00,41.00,0.00
2020-11-27,1.43,1.71,4.86,9.71,11.14,10.14,4.43,0.00,0.00,0.00,0.00,0.00,0.00,0.00,43.43,0.00
2020-11-28,1.43,1.57,4.29,10.00,11.29,10.00,4.14,0.00,0.00,0.00,0.00,0.00,0.00,0.00,42.71,0.00
2020-11-29,1.43,1.43,4.00,10.00,11.43,10.43,4.14,0.00,0.00,0.00,0.00,0.00,0.00,0.00,42.86,0.00
2020-11-30,1.00,1.14,3.29,9.00,11.29,10.29,4.57,0.00,0.00,0.00,0.00,0.00,0.00,0.00,40.57,0.00
2020-12-01,1.14,1.57,3.14,8.57,11.00,10.29,4.29,0.00,0.00,0.00,0.00,0.00,0.00,0.00,40.00,0.00
2020-12-02,1.14,1.86,3.43,8.14,10.00,10.00,4.00,0.00,0.00,0.00,0.00,0.00,0.00,0.00,38.57,0.00
2020-12-03,1.14,1.43,3.86,8.57,10.00,9.86,4.00,0.00,0.00,0.00,0.00,0.00,0.00,0.00,38.86,0.00
2020-12-04,0.43,1.29,3.43,8.14,10.43,8.86,3.57,0.00,0.00,0.00,0.00,0.00,0.00,0.00,36.14,0.00
2020-12-05,0.43,1.29,3.29,7.71,10.29,9.14,3.57,0.00,0.00,0.00,0.00,0.00,0.00,0.00,35.71,0.00
2020-12-06,0.43,1.29,3.29,8.00,10.29,9.14,3.57,0.00,0.00,0.00,0.00,0.00,0.00,0.00,36.00,0.00
2020-12-07,0.57,1.29,3.71,7.71,11.57,8.86,2.71,0.00,0.00,0.00,0.00,0.00,0.00,0.00,36.43,0.00
2020-12-08,0.43,0.86,3.71,7.14,10.14,7.71,2.00,0.00,0.00,0.00,0.00,0.00,0.00,0.00,32.00,0.00
2020-12-09,0.86,0.57,3.29,7.57,11.86,9.43,2.71,0.00,0.00,0.00,0.00,0.00,0.00,0.00,36.29,0.00
2020-12-10,0.86,0.71,2.71,7.29,12.43,9.71,3.14,0.00,0.00,0.00,0.00,0.00,0.00,0.00,36.86,0.00
2020-12-11,1.00,0.86,2.57,7.14,11.86,11.57,3.29,0.00,0.00,0.00,0.00,0.00,0.00,0.00,38.29,0.00
2020-12-12,1.14,0.86,3.00,6.71,11.86,11.57,3.29,0.00,0.00,0.00,0.00,0.00,0.00,0.00,38.43,0.00
2020-12-13,1.29,0.86,3.00,6.43,12.29,11.14,3.43,0.00,0.00,0.00,0.00,0.00,0.00,0.00,38.43,0.00
2020-12-14,1.29,0.86,2.43,6.57,9.14,9.71,3.29,0.00,0.00,0.00,0.00,0.00,0.00,0.00,33.29,0.00
2020-12-15,1.43,0.86,3.29,7.00,10.86,11.14,3.86,0.00,0.00,0.00,0.00,0.00,0.00,0.00,38.43,0.00
2020-12-16,0.86,1.00,3.43,6.57,10.29,10.00,4.29,0.00,0.00,0.00,0.00,0.00,0.00,0.00,36.43,0.00
2020-12-17,0.86,1.29,3.57,6.86,10.43,10.43,4.86,0.00,0.00,0.00,0.00,0.00,0.00,0.00,38.29,0.00
2020-12-18,1.00,1.43,4.14,7.43,11.14,8.57,4.29,0.00,0.00,0.00,0.00,0.00,0.00,0.00,38.00,0.00
2020-12-19,1.00,1.43,4.00,8.14,11.14,8.14,4.43,0.00,0.00,0.00,0.00,0.00,0.00,0.00,38.29,0.00
2020-12-20,0.86,1.43,4.14,8.14,10.86,8.71,4.29,0.00,0.00,0.00,0.00,0.00,0.00,0.00,38.43,0.00
2020-12-21,0.71,1.43,4.57,7.43,12.43,10.86,4.86,0.00,0.00,0.00,0.00,0.00,0.00,0.00,42.29,0.00
2020-12-22,0.57,1.86,4.43,8.29,12.86,10.86,5.00,0.00,0.00,0.00,0.00,0.00,0.00,0.00,43.86,0.00
2020-12-23,0.71,2.14,4.00,8.00,13.00,10.71,4.71,0.00,0.00,0.00,0.00,0.00,0.00,0.00,43.29,0.00
2020-12-24,0.86,1.71,4.00,8.00,11.86,10.71,4.14,0.07,0.09,0.10,0.11,0.11,0.12,0.12,41.29,0.10
2020-12-25,0.57,1.29,3.29,6.57,9.86,9.86,3.71,0.14,0.17,0.19,0.22,0.23,0.24,0.25,35.14,0.20
2020-12-26,0.43,1.43,3.71,6.71,11.43,10.43,4.57,0.28,0.34,0.38,0.44,0.46,0.48,0.50,38.71,0.40
2020-12-27,0.43,1.43,3.86,6.86,11.57,9.86,4.71,0.49,0.59,0.66,0.77,0.80,0.84,0.88,38.71,0.70
2020-12-28,0.57,2.00,4.43,9.00,12.43,10.14,5.00,0.84,1.02,1.14,1.32,1.38,1.44,1.50,43.57,1.20
2020-12-29,0.86,1.86,4.14,8.86,12.43,10.14,4.86,1.47,1.78,1.99,2.31,2.42,2.52,2.62,43.14,2.10
2020-12-30,0.86,2.00,5.00,9.14,13.14,10.57,5.00,2.66,3.23,3.61,4.18,4.37,4.56,4.75,45.71,3.80
2020-12-31,1.00,2.14,4.71,9.00,14.29,10.29,4.86,4.34,5.27,5.89,6.82,7.13,7.44,7.75,46.29,6.20
2021-01-01,1.00,2.14,4.71,9.00,14.29,10.29,4.86,7.09,8.61,9.62,11.14,11.65,12.16,12.66,46.29,10.13
2021-01-02,1.00,2.14,4.43,8.57,12.86,9.71,4.14,7.15,8.69,9.71,11.24,11.75,12.26,12.78,42.86,10.22
2021-01-03,1.29,2.29,4.29,8.71,13.57,10.57,4.57,7.22,8.76,9.79,11.34,11.86,12.37,12.89,45.29,10.31
2021-01-04,1.57,1.71,4.57,7.43,13.29,10.86,4.14,7.28,8.84,9.88,11.44,11.96,12.48,13.00,43.57,10.40
2021-01-05,1.57,1.71,4.29,8.14,13.29,11.14,4.71,7.34,8.92,9.97,11.54,12.06,12.59,13.11,44.86,10.49
2021-01-06,1.71,1.14,3.71,8.57,13.71,11.00,4.86,7.41,9.00,10.06,11.65,12.18,12.71,13.24,44.71,10.59
2021-01-07,1.86,1.86,3.71,8.86,14.14,11.71,4.86,7.48,9.08,10.15,11.75,12.28,12.82,13.35,47.00,10.68
2021-01-08,2.00,2.29,3.71,10.86,17.29,14.71,5.57,7.54,9.15,10.23,11.85,12.39,12.92,13.46,56.43,10.77
2021-01-09,2.00,2.14,3.43,11.00,16.29,15.57,5.86,7.61,9.24,10.33,11.96,12.50,13.04,13.59,56.29,10.87
2021-01-10,1.71,2.14,3.29,11.29,16.29,15.14,5.57,7.67,9.32,10.41,12.06,12.60,13.15,13.70,55.43,10.96
2021-01-11,1.14,2.43,3.00,11.14,16.29,14.57,5.86,7.74,9.40,10.51,12.17,12.72,13.27,13.83,54.43,11.06
2021-01-12,1.29,2.57,4.00,10.86,16.57,15.29,5.86,7.81,9.49,10.60,12.28,12.83,13.39,13.95,56.43,11.16
2021-01-13,1.14,3.00,4.43,10.29,16.14,16.57,5.29,7.87,9.56,10.69,12.38,12.94,13.50,14.06,56.86,11.25
2021-01-14,1.00,2.14,4.86,10.00,14.86,16.43,5.14,7.94,9.65,10.78,12.49,13.05,13.62,14.19,54.43,11.35
2021-01-15,1.00,2.14,7.00,9.29,14.29,16.14,5.14,8.01,9.73,10.88,12.60,13.17,13.74,14.31,55.00,11.45
2021-01-16,1.00,2.29,7.00,9.29,15.86,15.86,4.57,8.09,9.82,10.97,12.71,13.28,13.86,14.44,55.86,11.55
2021-01-17,1.00,2.29,7.00,8.86,15.29,16.86,4.43,8.15,9.90,11.07,12.82,13.40,13.98,14.56,55.71,11.65
2021-01-18,1.29,2.14,6.14,11.43,15.86,17.14,4.29,8.22,9.99,11.16,12.93,13.51,14.10,14.69,58.29,11.75
2021-01-19,0.86,2.00,6.00,12.00,15.86,18.00,4.86,8.29,10.07,11.26,13.04,13.63,14.22,14.81,59.57,11.85
2021-01-20,1.29,2.00,6.14,12.29,15.29,17.71,5.14,8.36,10.16,11.35,13.14,13.74,14.34,14.94,59.86,11.95
2021-01-21,1.00,2.14,6.14,12.57,17.71,19.00,6.57,8.44,10.25,11.46,13.27,13.87,14.47,15.08,65.14,12.06
2021-01-22,1.14,2.00,4.14,13.29,17.71,19.14,7.14,8.51,10.34,11.55,13.38,13.98,14.59,15.20,64.57,12.16
2021-01-23,1.14,1.86,4.29,13.29,17.00,19.29,7.43,8.59,10.43,11.66,13.50,14.11,14.72,15.34,64.29,12.27
2021-01-24,1.14,1.71,4.57,13.43,16.43,18.29,8.14,8.66,10.51,11.75,13.61,14.23,14.84,15.46,63.71,12.37
2021-01-25,1.00,1.29,5.14,14.43,17.00,18.71,9.86,8.74,10.61,11.86,13.73,14.35,14.98,15.60,67.43,12.48
2021-01-26,1.29,1.14,4.86,13.71,18.29,18.71,9.29,8.81,10.69,11.95,13.84,14.47,15.10,15.72,67.29,12.58
2021-01-27,1.57,0.71,5.43,13.71,20.57,18.57,8.71,8.88,10.79,12.06,13.96,14.59,15.23,15.86,69.29,12.69
2021-01-28,2.00,1.29,5.86,14.71,22.86,19.57,7.86,8.96,10.88,12.16,14.08,14.72,15.36,16.00,74.14,12.80
2021-01-29,1.71,1.71,7.14,15.71,23.14,20.29,7.14,9.04,10.97,12.26,14.20,14.85,15.49,16.14,76.86,12.91
2021-01-30,1.86,2.00,7.14,15.43,23.43,19.57,7.14,9.11,11.07,12.37,14.32,14.97,15.62,16.27,76.57,13.02
2021-01-31,1.71,2.14,7.29,15.29,23.43,19.57,7.14,9.19,11.16,12.47,14.44,15.10,15.76,16.41,76.57,13.13
2021-02-01,2.14,2.86,7.43,14.00,24.43,22.14,6.57,9.27,11.25,12.58,14.56,15.23,15.89,16.55,79.57,13.24
2021-02-02,2.14,3.14,8.00,15.00,24.29,20.14,6.00,9.34,11.35,12.68,14.69,15.35,16.02,16.69,78.71,13.35
2021-02-03,1.29,3.57,7.86,16.57,23.14,20.57,6.43,9.43,11.45,12.80,14.82,15.49,16.16,16.84,79.43,13.47
2021-02-04,1.14,2.86,7.57,15.14,20.86,19.86,7.14,9.51,11.54,12.90,14.94,15.62,16.30,16.98,74.57,13.58
2021-02-05,1.43,2.29,6.86,14.57,21.71,19.86,7.43,9.58,11.64,13.01,15.06,15.74,16.43,17.11,74.14,13.69
2021-02-06,1.57,2.14,6.86,15.00,21.57,20.43,7.43,9.67,11.74,13.12,15.19,15.88,16.57,17.26,75.00,13.81
2021-02-07,1.71,2.14,6.57,15.14,22.43,20.29,7.29,9.75,11.84,13.23,15.32,16.02,16.72,17.41,75.57,13.93
2021-02-08,1.29,2.00,7.14,14.43,23.57,20.00,7.43,9.83,11.93,13.34,15.44,16.15,16.85,17.55,75.86,14.04
2021-02-09,1.57,1.86,7.00,13.71,23.14,21.14,8.29,9.91,12.04,13.45,15.58,16.28,16.99,17.70,76.71,14.16
2021-02-10,1.71,2.29,7.00,13.86,22.14,22.43,8.86,10.00,12.14,13.57,15.71,16.42,17.14,17.85,78.29,14.28
2021-02-11,1.86,2.86,7.86,15.57,21.57,22.86,8.43,10.08,12.24,13.68,15.84,16.56,17.28,18.00,81.00,14.40
2021-02-12,1.86,3.00,8.57,15.57,20.57,22.29,9.29,10.16,12.34,13.79,15.97,16.70,17.42,18.15,81.14,14.52
2021-02-13,1.57,3.14,8.43,15.00,20.29,22.43,9.14,10.25,12.44,13.91,16.10,16.84,17.57,18.30,80.00,14.64
2021-02-14,1.57,3.00,8.57,14.57,20.29,22.29,8.86,10.33,12.55,14.02,16.24,16.97,17.71,18.45,79.14,14.76
2021-02-15,1.71,3.00,8.29,15.43,18.86,21.43,7.86,10.42,12.65,14.14,16.37,17.11,17.86,18.60,76.57,14.88
2021-02-16,1.71,3.43,7.57,16.00,19.86,21.71,8.57,10.51,12.76,14.26,16.51,17.26,18.01,18.76,78.86,15.01
2021-02-17,2.00,2.71,6.86,15.43,19.00,20.86,9.00,10.59,12.86,14.37,16.64,17.40,18.16,18.91,75.86,15.13
2021-02-18,2.14,2.57,6.00,15.29,18.29,19.00,8.29,10.67,12.96,14.49,16.78,17.54,18.30,19.06,71.57,15.25
2021-02-19,2.14,2.71,5.57,15.00,19.43,19.14,7.71,10.77,13.07,14.61,16.92,17.69,18.46,19.23,71.71,15.38
2021-02-20,2.14,2.43,6.00,15.29,19.57,19.29,7.71,10.86,13.18,14.73,17.06,17.84,18.61,19.39,72.43,15.51
2021-02-21,2.14,2.43,5.71,15.86,19.86,19.57,7.86,10.94,13.29,14.85,17.19,17.97,18.76,19.54,73.43,15.63
2021-02-22,2.29,2.86,5.71,14.86,19.57,19.14,8.71,11.03,13.40,14.97,17.34,18.12,18.91,19.70,73.14,15.76
2021-02-23,1.86,2.57,6.14,14.71,18.29,19.86,8.43,11.12,13.51,15.10,17.48,18.27,19.07,19.86,71.86,15.89
2021-02-24,1.43,3.00,6.29,14.43,19.86,19.00,7.71,11.21,13.62,15.22,17.62,18.42,19.22,20.02,71.71,16.02
2021-02-25,1.00,3.29,7.00,14.43,21.00,20.43,8.57,11.30,13.73,15.34,17.77,18.57,19.38,20.19,75.71,16.15
2021-02-26,0.86,3.29,6.86,14.71,20.43,21.71,8.43,11.40,13.84,15.47,17.91,18.72,19.54,20.35,76.29,16.28
2021-02-27,0.86,3.29,6.57,14.43,20.71,21.57,8.71,11.49,13.95,15.59,18.05,18.87,19.69,20.51,76.14,16.41
2021-02-28,1.00,3.29,6.71,14.43,20.00,22.00,8.43,11.58,14.07,15.72,18.21,19.03,19.86,20.69,75.86,16.55
2021-03-01,0.71,2.71,6.43,14.86,19.86,22.29,8.57,11.68,14.18,15.85,18.35,19.18,20.02,20.85,75.43,16.68
2021-03-02,1.00,2.43,6.71,14.29,20.29,22.43,8.29,11.77,14.29,15.97,18.49,19.33,20.17,21.01,75.43,16.81
2021-03-03,1.57,1.71,6.86,14.14,20.43,22.71,8.57,11.86,14.41,16.10,18.64,19.49,20.34,21.19,76.00,16.95
2021-03-04,1.57,1.43,6.43,13.00,21.00,20.86,7.86,11.96,14.53,16.24,18.80,19.65,20.51,21.36,72.14,17.09
2021-03-05,1.57,1.29,7.71,13.14,21.14,19.14,7.86,12.05,14.64,16.36,18.94,19.80,20.66,21.52,71.86,17.22
2021-03-06,1.71,1.43,7.71,13.14,21.00,18.71,7.43,12.15,14.76,16.49,19.10,19.96,20.83,21.70,71.14,17.36
2021-03-07,1.57,1.43,7.71,13.14,21.43,19.14,7.29,12.25,14.88,16.62,19.25,20.12,21.00,21.88,71.71,17.50
2021-03-08,2.29,1.71,7.57,13.71,22.57,19.71,7.29,12.35,14.99,16.76,19.40,20.29,21.17,22.05,74.86,17.64
2021-03-09,2.00,1.71,7.00,14.57,22.29,20.00,7.14,12.45,15.11,16.89,19.56,20.45,21.34,22.23,74.71,17.78
2021-03-10,1.86,2.57,7.57,15.57,24.43,20.43,8.43,12.54,15.23,17.02,19.71,20.61,21.50,22.40,80.86,17.92
2021-03-11,2.29,3.00,7.14,15.86,25.71,22.29,9.00,12.64,15.35,17.16,19.87,20.77,21.67,22.57,85.29,18.06
2021-03-12,2.29,3.43,6.57,16.29,26.14,22.71,9.57,12.74,15.47,17.29,20.02,20.93,21.84,22.75,87.00,18.20
2021-03-13,2.29,3.29,6.57,16.71,25.57,22.43,9.86,12.85,15.60,17.43,20.19,21.10,22.02,22.94,86.71,18.35
2021-03-14,2.71,3.29,6.71,16.86,25.86,21.71,10.00,12.94,15.72,17.57,20.34,21.26,22.19,23.11,87.14,18.49
2021-03-15,2.86,2.86,6.71,16.43,26.71,24.14,9.71,13.05,15.84,17.71,20.50,21.44,22.37,23.30,89.43,18.64
2021-03-16,3.29,3.29,8.14,16.71,26.71,23.71,9.00,13.15,15.96,17.84,20.66,21.60,22.54,23.48,90.86,18.78
2021-03-17,3.14,3.00,8.00,14.86,25.00,24.71,7.86,13.25,16.09,17.98,20.82,21.77,22.72,23.66,86.57,18.93
2021-03-18,3.00,2.43,9.57,15.86,23.43,24.00,8.14,13.36,16.22,18.13,20.99,21.94,22.90,23.85,86.43,19.08
2021-03-19,3.29,2.57,9.00,14.86,23.29,22.57,8.29,13.46,16.35,18.27,21.15,22.11,23.08,24.04,83.86,19.23
2021-03-20,3.14,2.57,9.00,14.86,24.86,22.71,7.86,13.56,16.46,18.40,21.31,22.28,23.24,24.21,85.00,19.37
2021-03-21,2.71,2.57,8.86,14.71,24.43,22.57,7.86,13.66,16.59,18.54,21.47,22.45,23.42,24.40,83.71,19.52
2021-03-22,1.86,3.00,9.29,14.86,22.57,17.57,7.43,13.78,16.73,18.70,21.65,22.63,23.62,24.60,76.57,19.68
2021-03-23,1.86,2.43,9.29,12.86,22.14,15.57,7.29,13.88,16.86,18.84,21.81,22.80,23.80,24.79,71.43,19.83
2021-03-24,1.86,2.57,8.71,13.86,20.71,13.00,6.86,13.99,16.98,18.98,21.98,22.98,23.98,24.98,67.57,19.98
2021-03-25,2.14,3.00,7.86,14.43,20.86,12.86,6.71,14.09,17.11,19.12,22.14,23.15,24.16,25.16,67.86,20.13
2021-03-26,2.57,4.71,10.29,22.43,29.57,22.86,9.14,14.20,17.25,19.28,22.32,23.33,24.35,25.36,101.57,20.29
2021-03-27,2.57,4.86,11.00,23.43,28.86,22.86,9.71,14.31,17.37,19.42,22.48,23.51,24.53,25.55,103.29,20.44
2021-03-28,2.71,5.00,11.14,23.57,29.00,23.00,10.29,14.42,17.51,19.57,22.66,23.69,24.72,25.75,104.71,20.60
2021-03-29,3.43,5.14,13.00,25.57,31.14,26.00,10.57,14.52,17.64,19.71,22.83,23.86,24.90,25.94,114.86,20.75
2021-03-30,2.86,5.71,12.57,28.00,31.57,27.29,11.14,14.64,17.77,19.86,23.00,24.05,25.09,26.14,119.14,20.91
2021-03-31,2.71,5.14,13.29,30.00,33.29,27.86,12.14,14.75,17.91,20.02,23.18,24.23,25.28,26.34,124.43,21.07
2021-04-01,2.29,5.43,14.00,30.71,34.14,28.43,12.14,14.86,18.05,20.17,23.35,24.41,25.48,26.54,127.14,21.23
2021-04-02,1.57,3.00,11.71,21.57,23.43,17.43,8.00,14.97,18.18,20.32,23.53,24.60,25.67,26.74,86.71,21.39
2021-04-03,1.71,3.14,12.29,21.29,23.43,19.86,7.86,15.08,18.32,20.47,23.71,24.78,25.86,26.94,89.57,21.55
2021-04-04,2.14,3.00,12.86,22.57,24.43,21.57,7.86,15.20,18.45,20.62,23.88,24.97,26.05,27.14,94.43,21.71
2021-04-05,2.57,3.29,12.14,22.86,24.29,20.14,7.71,15.31,18.59,20.78,24.06,25.15,26.24,27.34,93.00,21.87
2021-04-06,3.00,4.57,12.29,23.29,26.14,21.14,7.71,15.42,18.73,20.93,24.23,25.33,26.44,27.54,98.14,22.03
2021-04-07,3.14,4.71,12.29,22.71,26.86,22.00,6.71,15.54,18.87,21.09,24.42,25.53,26.64,27.75,98.43,22.20
2021-04-08,3.29,4.57,12.57,22.71,26.86,23.43,6.86,15.65,19.01,21.24,24.60,25.71,26.83,27.95,100.29,22.36
2021-04-09,3.71,5.71,14.57,25.00,30.14,27.14,8.86,15.77,19.15,21.40,24.78,25.91,27.04,28.16,115.14,22.53
2021-04-10,3.71,5.86,13.71,24.71,29.86,25.43,8.71,15.88,19.29,21.56,24.96,26.09,27.23,28.36,112.00,22.69
2021-04-11,3.14,5.86,14.00,23.57,28.86,24.00,8.00,16.00,19.43,21.72,25.15,26.29,27.43,28.57,107.43,22.86
2021-04-12,2.43,6.00,15.71,24.14,29.43,25.00,9.71,16.12,19.58,21.88,25.33,26.48,27.64,28.79,112.43,23.03
2021-04-13,2.57,4.86,17.43,25.43,29.43,26.57,10.14,16.24,19.72,22.04,25.52,26.68,27.84,29.00,116.43,23.20
2021-04-14,3.00,5.86,18.29,25.86,30.00,27.14,10.14,16.35,19.86,22.19,25.70,26.86,28.03,29.20,120.29,23.36
2021-04-15,4.29,6.57,18.14,25.00,28.43,26.43,9.86,16.47,20.00,22.35,25.88,27.06,28.24,29.41,118.71,23.53
2021-04-16,4.14,6.29,16.86,24.86,26.86,25.57,8.86,16.60,20.15,22.52,26.08,27.27,28.45,29.64,113.43,23.71
2021-04-17,4.00,6.00,17.29,24.57,27.14,25.43,9.71,16.72,20.30,22.69,26.27,27.46,28.66,29.85,114.14,23.88
2021-04-18,4.00,6.29,16.71,25.29,27.71,25.29,9.71,16.84,20.44,22.85,26.46,27.66,28.86,30.06,115.00,24.05
2021-04-19,4.14,6.71,16.43,23.29,26.29,24.14,8.43,16.95,20.59,23.01,26.64,27.85,29.06,30.27,109.43,24.22
2021-04-20,3.71,7.00,15.00,22.43,26.29,20.86,7.29,17.07,20.73,23.17,26.83,28.05,29.27,30.49,102.57,24.39
2021-04-21,4.00,6.43,14.29,21.57,24.71,19.43,7.71,17.20,20.88,23.34,27.03,28.26,29.48,30.71,98.14,24.57
2021-04-22,2.71,5.43,15.00,21.86,25.14,18.86,8.00,17.32,21.03,23.50,27.21,28.45,29.69,30.92,97.00,24.74
2021-04-23,2.57,6.00,15.86,23.14,25.57,17.86,8.71,17.44,21.18,23.67,27.41,28.66,29.90,31.15,99.71,24.92
2021-04-24,2.71,6.29,15.57,24.43,26.00,17.71,7.71,17.57,21.34,23.84,27.61,28.86,30.12,31.38,100.43,25.10
2021-04-25,3.29,6.29,16.57,24.14,26.29,17.71,8.57,17.69,21.48,24.01,27.80,29.06,30.32,31.59,102.86,25.27
2021-04-26,3.43,6.57,16.43,23.86,24.86,18.43,8.57,17.81,21.63,24.18,28.00,29.27,30.54,31.81,102.14,25.45
2021-04-27,3.71,7.00,16.86,23.71,22.43,19.00,9.00,17.94,21.79,24.35,28.19,29.47,30.76,32.04,101.71,25.63
2021-04-28,3.14,7.29,17.57,23.71,21.71,19.86,8.86,18.07,21.94,24.52,28.39,29.68,30.97,32.26,102.14,25.81
2021-04-29,3.14,7.86,17.57,23.00,21.29,19.71,8.14,18.19,22.09,24.69,28.59,29.89,31.19,32.49,100.71,25.99
2021-04-30,3.71,7.14,16.71,22.14,20.71,19.71,7.57,18.32,22.24,24.86,28.79,30.10,31.40,32.71,97.71,26.17
2021-05-01,3.86,7.00,16.71,21.00,20.43,20.00,7.57,18.45,22.40,25.03,28.99,30.30,31.62,32.94,96.57,26.35
2021-05-02,3.57,7.14,15.86,19.86,20.43,19.86,6.57,18.57,22.55,25.20,29.18,30.51,31.84,33.16,93.29,26.53
2021-05-03,3.57,6.71,14.29,21.14,20.00,20.14,6.71,18.70,22.71,25.38,29.39,30.73,32.06,33.40,92.57,26.72
2021-05-04,3.71,5.86,14.43,19.86,22.00,20.43,6.71,18.83,22.86,25.55,29.59,30.93,32.28,33.62,93.00,26.90
2021-05-05,3.86,6.14,14.57,19.29,21.00,20.57,6.57,18.96,23.02,25.73,29.79,31.14,32.50,33.85,92.00,27.08
2021-05-06,4.00,6.57,14.57,19.57,21.00,20.57,7.57,19.09,23.18,25.91,30.00,31.36,32.72,34.09,93.86,27.27
2021-05-07,3.86,6.86,14.71,18.86,20.14,21.57,8.14,19.22,23.34,26.09,30.21,31.58,32.95,34.33,94.14,27.46
2021-05-08,3.71,6.86,14.86,19.71,19.71,21.14,8.29,19.35,23.49,26.26,30.40,31.79,33.17,34.55,94.29,27.64
2021-05-09,3.86,6.57,14.57,19.86,18.57,21.71,8.86,19.48,23.66,26.44,30.61,32.00,33.40,34.79,94.00,27.83
2021-05-10,3.29,6.29,14.86,17.71,19.00,19.86,8.29,19.61,23.82,26.62,30.82,32.22,33.62,35.02,89.29,28.02
2021-05-11,3.29,7.29,16.14,18.29,18.71,20.14,8.00,19.74,23.97,26.79,31.02,32.43,33.84,35.25,91.86,28.20
2021-05-12,3.14,7.14,15.14,18.57,20.14,18.29,8.00,19.87,24.13,26.97,31.23,32.65,34.07,35.49,90.43,28.39
2021-05-13,3.29,7.00,13.86,18.29,19.71,18.00,7.57,20.01,24.29,27.15,31.44,32.87,34.30,35.72,87.71,28.58
2021-05-14,3.57,6.71,14.14,18.14,22.00,16.43,7.00,20.14,24.45,27.33,31.65,33.09,34.52,35.96,88.00,28.77
2021-05-15,3.57,6.57,13.86,17.14,22.71,16.43,6.71,20.27,24.62,27.51,31.86,33.30,34.75,36.20,87.00,28.96
2021-05-16,3.71,6.57,14.43,17.14,23.29,16.00,6.43,20.40,24.78,27.69,32.06,33.52,34.98,36.44,87.57,29.15
2021-05-17,4.14,7.43,15.29,18.57,24.43,15.86,7.00,20.54,24.95,27.88,32.29,33.75,35.22,36.69,92.71,29.35
2021-05-18,4.14,7.29,14.14,19.00,23.71,15.71,7.86,20.68,25.11,28.06,32.49,33.97,35.45,36.92,91.86,29.54
2021-05-19,4.14,7.00,14.14,18.86,23.43,18.00,7.57,20.81,25.27,28.24,32.70,34.19,35.68,37.16,93.14,29.73
2021-05-20,4.57,6.86,15.86,19.86,23.86,18.86,8.14,20.95,25.44,28.43,32.92,34.42,35.92,37.41,98.00,29.93
2021-05-21,3.71,6.71,13.86,18.00,20.14,18.00,7.29,21.08,25.60,28.61,33.13,34.64,36.14,37.65,87.71,30.12
2021-05-22,3.71,6.71,13.14,19.29,20.14,18.14,7.43,21.22,25.76,28.79,33.34,34.86,36.37,37.89,88.57,30.31
2021-05-23,3.43,6.86,12.86,19.71,20.57,18.57,7.57,21.36,25.93,28.98,33.56,35.09,36.61,38.14,89.57,30.51
2021-05-24,3.00,6.43,11.71,19.29,21.86,20.57,8.57,21.50,26.10,29.17,33.78,35.32,36.85,38.39,91.43,30.71
2021-05-25,3.29,5.57,11.29,18.57,22.14,21.14,9.14,21.63,26.26,29.35,33.99,35.53,37.08,38.62,91.14,30.90
2021-05-26,3.29,6.29,11.86,19.00,23.43,21.14,9.43,21.77,26.44,29.55,34.21,35.77,37.32,38.88,94.43,31.10
2021-05-27,2.29,6.57,12.29,17.86,23.86,21.29,8.71,21.91,26.61,29.73,34.43,35.99,37.56,39.12,92.86,31.30
2021-05-28,3.14,7.43,14.71,20.29,27.29,23.57,11.00,22.04,26.77,29.92,34.64,36.21,37.79,39.36,107.43,31.49
2021-05-29,3.29,8.00,15.57,19.57,26.14,24.29,11.57,22.18,26.94,30.11,34.86,36.44,38.03,39.61,108.43,31.69
2021-05-30,3.00,8.14,15.71,19.57,26.29,24.29,11.71,22.32,27.11,30.30,35.08,36.67,38.27,39.86,108.71,31.89
2021-05-31,4.00,8.57,17.29,20.29,26.43,25.29,10.86,22.46,27.28,30.49,35.30,36.90,38.51,40.11,112.71,32.09
2021-06-01,3.57,8.57,16.57,19.86,26.86,24.29,10.00,22.60,27.45,30.68,35.52,37.13,38.75,40.36,109.71,32.29
2021-06-02,3.57,8.29,17.14,20.14,25.71,24.57,10.43,22.74,27.62,30.87,35.74,37.36,38.99,40.61,109.86,32.49
2021-06-03,4.71,7.86,15.00,20.43,25.29,26.00,10.57,22.88,27.79,31.06,35.96,37.59,39.23,40.86,109.86,32.69
2021-06-04,4.14,7.86,14.43,20.29,25.43,26.57,9.57,23.02,27.96,31.25,36.18,37.82,39.47,41.11,108.29,32.89
2021-06-05,3.86,7.71,14.00,19.71,26.86,27.00,9.43,23.17,28.14,31.45,36.41,38.06,39.72,41.38,108.57,33.10
2021-06-06,4.57,7.43,13.86,20.29,26.00,26.43,9.43,23.31,28.30,31.63,36.63,38.29,39.96,41.62,108.00,33.30
2021-06-07,4.29,6.86,11.86,20.00,27.43,25.29,10.14,23.45,28.47,31.82,36.85,38.52,40.20,41.88,105.86,33.50
2021-06-08,4.00,7.14,12.43,20.86,28.29,27.71,10.43,23.59,28.65,32.02,37.07,38.76,40.44,42.12,110.86,33.70
2021-06-09,4.43,7.57,11.71,20.14,28.71,26.14,10.29,23.74,28.82,32.21,37.30,39.00,40.69,42.39,109.00,33.91
2021-06-10,4.57,8.14,12.14,20.29,29.57,24.00,11.29,23.88,28.99,32.40,37.52,39.23,40.93,42.64,110.00,34.11
2021-06-11,4.71,7.86,11.71,20.29,29.00,22.57,10.43,24.02,29.17,32.60,37.75,39.47,41.18,42.90,106.57,34.32
2021-06-12,5.43,7.43,12.00,21.43,28.86,23.14,10.43,24.16,29.34,32.79,37.97,39.70,41.42,43.15,108.71,34.52
2021-06-13,5.00,7.57,12.43,21.71,29.86,24.86,10.14,24.31,29.52,32.99,38.20,39.94,41.68,43.41,111.57,34.73
2021-06-14,5.71,7.71,14.14,21.14,28.00,27.43,10.29,24.45,29.69,33.18,38.42,40.17,41.92,43.66,114.43,34.93
2021-06-15,7.14,7.29,14.57,21.43,25.86,25.57,10.57,24.60,29.87,33.38,38.65,40.41,42.17,43.92,112.43,35.14
2021-06-16,6.86,6.57,14.29,22.57,27.29,27.71,10.86,24.74,30.04,33.57,38.87,40.64,42.41,44.18,116.14,35.34
2021-06-17,6.00,5.57,15.43,21.57,28.00,29.00,9.57,24.88,30.22,33.77,39.10,40.88,42.66,44.44,115.14,35.55
2021-06-18,6.14,5.14,16.86,22.57,28.71,30.00,10.71,25.03,30.40,33.97,39.34,41.12,42.91,44.70,120.14,35.76
2021-06-19,5.86,5.14,16.71,22.00,28.29,29.00,10.86,25.17,30.57,34.16,39.56,41.35,43.15,44.95,117.86,35.96
2021-06-20,5.57,5.14,16.29,21.86,28.43,28.71,11.71,25.32,30.74,34.36,39.79,41.60,43.40,45.21,117.71,36.17
2021-06-21,4.00,3.71,14.00,18.00,23.43,21.71,9.00,25.47,30.92,34.56,40.02,41.84,43.66,45.48,93.86,36.38
2021-06-22,3.57,4.86,14.14,19.71,29.29,24.14,11.86,25.61,31.10,34.76,40.25,42.08,43.91,45.74,107.57,36.59
2021-06-23,3.43,4.86,14.86,19.57,30.57,23.43,13.43,25.76,31.28,34.96,40.48,42.32,44.16,46.00,110.14,36.80
2021-06-24,3.86,5.71,14.43,20.14,31.29,22.71,14.00,25.91,31.46,35.16,40.71,42.56,44.41,46.26,112.14,37.01
2021-06-25,4.00,5.71,13.57,21.71,32.14,24.43,14.00,26.05,31.63,35.35,40.93,42.79,44.65,46.51,115.57,37.21
2021-06-26,3.71,6.00,13.29,21.43,32.14,23.86,13.71,26.19,31.81,35.55,41.16,43.03,44.90,46.78,114.14,37.42
2021-06-27,3.86,6.29,13.71,21.00,32.71,23.86,12.71,26.34,31.99,35.75,41.39,43.27,45.16,47.04,114.14,37.63
2021-06-28,3.86,6.43,12.14,22.29,32.43,23.14,12.71,26.49,32.16,35.95,41.62,43.52,45.41,47.30,113.00,37.84
2021-06-29,4.29,5.86,12.86,23.14,31.86,23.86,12.00,26.63,32.34,36.15,41.85,43.76,45.66,47.56,113.86,38.05
2021-06-30,5.00,5.43,13.43,22.71,31.29,26.71,11.14,26.78,32.52,36.35,42.09,44.00,45.91,47.82,115.71,38.26
2021-07-01,4.57,5.29,13.29,23.00,31.43,26.86,10.57,26.93,32.70,36.55,42.32,44.24,46.16,48.09,115.00,38.47
2021-07-02,4.00,6.00,13.14,21.57,30.86,27.14,10.86,27.08,32.89,36.76,42.56,44.49,46.43,48.36,113.57,38.69
2021-07-03,4.43,5.57,13.71,22.57,30.14,26.86,10.86,27.23,33.06,36.95,42.79,44.73,46.68,48.62,114.14,38.90
2021-07-04,4.29,5.29,12.86,22.14,29.71,26.29,11.29,27.38,33.24,37.15,43.02,44.98,46.93,48.89,111.86,39.11
2021-07-05,5.29,6.86,16.00,25.14,34.57,30.43,14.00,27.52,33.42,37.35,43.25,45.22,47.18,49.15,132.29,39.32
2021-07-06,4.57,6.14,14.29,21.43,31.00,28.57,12.14,27.67,33.60,37.55,43.48,45.46,47.44,49.41,118.14,39.53
2021-07-07,4.43,6.29,13.29,21.71,31.14,25.57,11.00,27.82,33.78,37.75,43.71,45.70,47.69,49.68,113.43,39.74
2021-07-08,4.57,6.00,13.29,22.14,30.14,23.71,10.71,27.96,33.96,37.95,43.95,45.94,47.94,49.94,110.57,39.95
2021-07-09,4.86,5.29,13.14,21.71,28.86,20.86,9.71,28.11,34.14,38.15,44.18,46.18,48.19,50.20,104.43,40.16
2021-07-10,4.43,5.43,12.71,21.00,29.57,20.86,10.00,28.27,34.32,38.36,44.42,46.44,48.46,50.48,104.00,40.38
2021-07-11,4.71,5.14,12.86,21.29,28.71,20.43,9.86,28.41,34.50,38.56,44.65,46.68,48.71,50.74,103.00,40.59
2021-07-12,4.14,4.00,12.00,21.71,27.86,20.57,8.71,28.56,34.68,38.76,44.88,46.92,48.96,51.00,99.00,40.80
2021-07-13,3.71,4.29,12.14,21.57,26.71,19.00,8.71,28.71,34.86,38.96,45.11,47.16,49.21,51.26,96.14,41.01
2021-07-14,3.14,4.14,11.14,20.00,25.57,18.29,8.57,28.86,35.05,39.17,45.35,47.41,49.48,51.54,90.86,41.23
2021-07-15,2.71,3.29,10.29,19.43,25.00,20.57,9.71,29.01,35.22,39.37,45.58,47.66,49.73,51.80,91.00,41.44
2021-07-16,2.29,2.57,8.57,15.71,23.00,18.86,8.86,29.15,35.40,39.57,45.82,47.90,49.98,52.06,79.86,41.65
2021-07-17,2.57,2.57,8.29,14.43,22.71,19.71,8.71,29.30,35.58,39.77,46.05,48.14,50.23,52.33,79.00,41.86
2021-07-18,2.29,2.71,8.57,16.14,22.29,19.71,8.57,29.46,35.77,39.98,46.29,48.39,50.50,52.60,80.29,42.08
2021-07-19,3.14,3.29,8.86,16.29,21.29,21.57,9.14,29.60,35.95,40.18,46.52,48.63,50.75,52.86,83.57,42.29
2021-07-20,3.14,2.86,8.57,16.29,20.29,21.43,8.29,29.75,36.12,40.38,46.75,48.87,51.00,53.12,80.86,42.50
2021-07-21,3.29,3.00,9.00,16.00,18.86,21.00,8.14,29.90,36.30,40.57,46.98,49.12,51.25,53.39,79.29,42.71
2021-07-22,3.14,2.86,8.57,15.00,17.43,18.86,7.29,30.04,36.48,40.77,47.21,49.36,51.50,53.65,73.14,42.92
2021-07-23,3.57,3.57,9.57,17.00,19.43,21.14,8.57,30.20,36.67,40.98,47.45,49.61,51.77,53.92,82.86,43.14
2021-07-24,3.14,3.71,10.43,18.00,18.86,20.86,8.14,30.34,36.85,41.18,47.69,49.85,52.02,54.19,83.14,43.35
2021-07-25,3.29,3.71,10.57,15.71,18.86,20.57,8.00,30.49,37.03,41.38,47.92,50.09,52.27,54.45,80.71,43.56
2021-07-26,2.29,2.86,11.43,14.00,17.86,17.00,6.43,30.64,37.20,41.58,48.15,50.34,52.52,54.71,71.86,43.77
2021-07-27,2.29,3.43,11.14,13.29,17.57,15.86,6.57,30.79,37.39,41.79,48.39,50.59,52.79,54.99,70.14,43.99
2021-07-28,2.00,3.00,11.29,14.43,17.71,15.14,6.43,30.94,37.57,41.99,48.62,50.83,53.04,55.25,70.00,44.20
2021-07-29,2.29,3.29,10.29,13.86,19.43,16.29,6.29,31.09,37.75,42.19,48.85,51.07,53.29,55.51,71.71,44.41
2021-07-30,2.71,2.57,10.43,13.57,19.00,16.00,6.71,31.23,37.93,42.39,49.08,51.31,53.54,55.77,71.00,44.62
2021-07-31,2.71,2.29,9.57,12.71,19.86,15.86,6.86,31.39,38.11,42.60,49.32,51.57,53.81,56.05,69.86,44.84
2021-08-01,2.71,2.14,9.43,12.71,20.14,16.43,7.14,31.53,38.29,42.80,49.55,51.81,54.06,56.31,70.71,45.05
2021-08-02,3.00,3.14,8.14,12.43,21.29,16.86,8.14,31.68,38.47,43.00,49.79,52.05,54.31,56.57,73.00,45.26
2021-08-03,3.29,3.29,7.86,11.86,21.86,17.86,7.43,31.83,38.65,43.20,50.02,52.29,54.56,56.84,73.43,45.47
2021-08-04,3.29,3.43,7.00,10.57,21.14,18.00,8.43,31.98,38.83,43.40,50.25,52.53,54.82,57.10,71.86,45.68
2021-08-05,3.14,3.29,7.71,10.57,19.00,17.00,9.00,32.12,39.01,43.60,50.48,52.77,55.07,57.36,69.71,45.89
2021-08-06,2.57,3.71,7.71,11.71,18.14,18.29,8.00,32.27,39.19,43.80,50.71,53.02,55.32,57.62,70.14,46.10
2021-08-07,2.57,3.71,8.29,12.14,17.71,18.43,8.29,32.42,39.36,43.99,50.94,53.26,55.57,57.89,71.14,46.31
2021-08-08,2.71,3.71,7.86,12.43,17.29,17.57,7.86,32.57,39.55,44.20,51.18,53.51,55.84,58.16,69.43,46.53
2021-08-09,2.71,2.57,6.86,11.71,15.57,16.00,7.00,32.72,39.73,44.40,51.41,53.75,56.09,58.43,62.43,46.74
2021-08-10,2.14,2.14,6.14,11.57,14.43,13.86,7.86,32.87,39.91,44.60,51.65,53.99,56.34,58.69,58.14,46.95
2021-08-11,2.14,1.71,5.57,11.29,13.00,13.57,7.00,33.01,40.09,44.80,51.88,54.23,56.59,58.95,54.29,47.16
2021-08-12,1.86,1.86,5.43,11.00,12.86,13.29,5.71,33.16,40.26,45.00,52.11,54.48,56.84,59.21,52.00,47.37
2021-08-13,1.57,1.43,4.71,9.29,11.86,10.57,5.29,33.31,40.44,45.20,52.34,54.72,57.10,59.47,44.71,47.58
2021-08-14,1.71,1.57,4.00,9.14,11.57,9.71,5.14,33.45,40.62,45.40,52.57,54.96,57.35,59.74,42.86,47.79
2021-08-15,1.43,1.71,4.00,8.57,12.00,9.57,5.43,33.59,40.79,45.59,52.79,55.19,57.59,59.99,42.71,47.99
2021-08-16,0.71,1.71,3.00,8.14,12.29,9.29,5.00,33.74,40.97,45.79,53.02,55.43,57.84,60.25,40.14,48.20
2021-08-17,0.86,1.57,3.00,8.00,12.57,9.43,4.43,33.89,41.15,45.99,53.25,55.67,58.09,60.51,39.86,48.41
2021-08-18,0.86,1.71,3.29,7.14,12.86,9.00,4.29,34.03,41.33,46.19,53.48,55.91,58.34,60.77,39.14,48.62
2021-08-19,1.00,1.29,3.43,7.43,12.43,8.14,4.86,34.18,41.51,46.39,53.71,56.15,58.60,61.04,38.57,48.83
2021-08-20,0.86,1.43,3.00,7.29,12.71,8.00,5.00,34.33,41.68,46.59,53.94,56.40,58.85,61.30,38.29,49.04
2021-08-21,0.71,1.57,3.14,7.14,12.57,7.71,4.71,34.47,41.85,46.78,54.16,56.63,59.09,61.55,37.57,49.24
2021-08-22,0.71,1.43,2.86,7.29,12.14,8.29,4.71,34.62,42.03,46.98,54.40,56.87,59.34,61.81,37.43,49.45
2021-08-23,0.86,1.57,2.86,6.43,11.71,8.14,4.71,34.76,42.21,47.18,54.63,57.11,59.59,62.07,36.29,49.66
2021-08-24,0.86,1.43,2.71,5.86,10.86,8.00,4.71,34.90,42.38,47.37,54.85,57.34,59.83,62.33,34.43,49.86
2021-08-25,0.71,1.57,2.71,6.00,10.57,7.86,4.29,35.05,42.56,47.57,55.08,57.58,60.08,62.59,33.71,50.07
2021-08-26,1.00,1.86,2.43,5.43,10.57,8.00,4.29,35.19,42.73,47.76,55.30,57.81,60.32,62.84,33.57,50.27
2021-08-27,1.00,1.71,3.00,5.86,9.86,8.00,4.14,35.34,42.91,47.96,55.53,58.05,60.58,63.10,33.57,50.48
2021-08-28,1.00,1.43,2.86,6.14,9.71,8.14,4.43,35.48,43.08,48.15,55.75,58.28,60.82,63.35,33.71,50.68
2021-08-29,1.00,1.57,2.86,6.00,9.29,7.14,4.57,35.62,43.26,48.35,55.98,58.52,61.07,63.61,32.43,50.89
2021-08-30,0.86,1.86,3.14,5.57,7.86,7.14,4.57,35.76,43.43,48.54,56.20,58.75,61.31,63.86,31.00,51.09
2021-08-31,0.57,1.86,3.29,6.71,8.57,8.00,4.43,35.91,43.60,48.73,56.43,58.99,61.56,64.12,33.43,51.30
2021-09-01,0.57,1.71,3.57,6.43,8.14,7.71,4.14,36.05,43.77,48.92,56.65,59.22,61.80,64.38,32.29,51.50
2021-09-02,0.43,1.43,2.86,6.29,7.71,7.14,3.43,36.19,43.95,49.12,56.87,59.45,62.04,64.62,29.29,51.70
2021-09-03,0.43,1.29,2.14,5.29,7.57,6.29,3.43,36.33,44.11,49.30,57.09,59.68,62.28,64.88,26.43,51.90
2021-09-04,0.43,1.43,2.29,4.71,7.29,6.29,3.00,36.48,44.29,49.50,57.32,59.93,62.53,65.14,25.43,52.11
2021-09-05,0.71,1.29,2.29,4.71,7.43,6.29,2.57,36.62,44.46,49.69,57.54,60.16,62.77,65.39,25.29,52.31
2021-09-06,0.71,0.86,1.86,5.00,7.14,6.00,1.86,36.76,44.63,49.88,57.76,60.39,63.01,65.64,23.43,52.51
2021-09-07,0.86,1.00,1.57,4.00,5.57,4.86,1.71,36.90,44.80,50.07,57.98,60.62,63.25,65.89,19.57,52.71
2021-09-08,0.86,0.86,1.29,3.71,5.00,5.43,2.00,37.04,44.97,50.26,58.20,60.85,63.49,66.14,19.14,52.91
2021-09-09,0.57,1.00,1.29,3.71,5.14,6.14,2.43,37.18,45.14,50.45,58.42,61.08,63.73,66.39,20.29,53.11
2021-09-10,0.71,1.14,1.29,3.71,5.29,6.43,2.14,37.32,45.31,50.64,58.64,61.31,63.97,66.64,20.71,53.31
2021-09-11,0.71,1.00,1.14,3.71,5.00,6.00,2.14,37.46,45.48,50.83,58.86,61.54,64.21,66.89,19.71,53.51
2021-09-12,0.43,1.00,1.29,3.57,5.14,6.29,2.14,37.59,45.65,51.02,59.07,61.75,64.44,67.12,19.86,53.70
2021-09-13,0.43,0.71,1.86,2.43,5.43,6.00,2.29,37.73,45.81,51.20,59.29,61.98,64.68,67.38,19.14,53.90
2021-09-14,0.43,0.43,1.71,2.71,6.14,6.43,2.14,37.87,45.98,51.39,59.51,62.21,64.92,67.62,20.00,54.10
2021-09-15,0.43,0.57,1.71,3.14,6.71,5.29,1.86,38.00,46.15,51.58,59.72,62.43,65.15,67.86,19.71,54.29
2021-09-16,0.57,0.57,2.00,3.29,6.29,4.00,1.43,38.14,46.32,51.77,59.94,62.66,65.39,68.11,18.14,54.49
2021-09-17,0.43,0.57,1.86,3.00,5.86,3.29,1.29,38.28,46.49,51.96,60.16,62.89,65.63,68.36,16.29,54.69
2021-09-18,0.57,0.57,1.86,3.43,6.00,3.43,1.43,38.42,46.65,52.14,60.37,63.11,65.86,68.60,17.29,54.88
2021-09-19,0.57,0.57,1.86,3.57,5.71,3.14,1.43,38.55,46.81,52.32,60.58,63.33,66.08,68.84,16.86,55.07
2021-09-20,0.57,0.43,1.14,4.43,5.14,3.86,1.14,38.69,46.98,52.51,60.80,63.56,66.32,69.09,16.71,55.27
2021-09-21,0.43,0.43,1.57,3.43,5.43,3.00,0.71,38.82,47.14,52.69,61.01,63.78,66.55,69.33,15.00,55.46
2021-09-22,0.29,0.43,1.29,3.29,4.71,2.71,0.57,38.95,47.30,52.87,61.22,64.00,66.78,69.56,13.29,55.65
2021-09-23,0.14,0.29,0.86,2.71,4.57,2.57,0.43,39.09,47.47,53.06,61.44,64.23,67.02,69.81,11.57,55.85
2021-09-24,0.14,0.14,0.86,2.71,4.14,2.57,0.57,39.23,47.63,53.24,61.64,64.45,67.25,70.05,11.14,56.04
2021-09-25,0.00,0.14,0.86,2.29,4.29,2.43,0.71,39.36,47.80,53.42,61.85,64.66,67.48,70.29,10.71,56.23
2021-09-26,0.00,0.14,0.71,2.14,4.14,2.86,0.86,39.49,47.96,53.60,62.06,64.88,67.70,70.53,10.86,56.42
2021-09-27,0.00,0.14,0.71,1.71,3.43,1.43,0.86,39.63,48.12,53.78,62.27,65.10,67.93,70.76,8.29,56.61
2021-09-28,0.00,0.29,0.29,2.00,2.43,1.71,0.86,39.76,48.28,53.96,62.48,65.32,68.16,71.00,7.57,56.80
2021-09-29,0.00,0.29,0.29,1.57,2.57,1.86,0.86,39.89,48.43,54.13,62.68,65.53,68.38,71.22,7.43,56.98
2021-09-30,0.00,0.29,0.86,1.86,1.86,1.71,1.14,40.02,48.59,54.31,62.89,65.75,68.60,71.46,7.71,57.17
2021-10-01,0.00,0.29,0.86,2.14,1.86,1.71,1.00,40.15,48.76,54.49,63.10,65.96,68.83,71.70,7.86,57.36
2021-10-02,0.00,0.43,0.86,2.29,1.71,2.14,0.71,40.28,48.91,54.66,63.29,66.17,69.05,71.92,8.14,57.54
2021-10-03,0.00,0.43,1.00,2.43,2.00,1.71,0.57,40.41,49.07,54.84,63.50,66.39,69.28,72.16,8.14,57.73
2021-10-04,0.00,0.71,1.29,2.14,2.29,2.00,0.86,40.54,49.23,55.02,63.71,66.61,69.50,72.40,9.29,57.92
2021-10-05,0.14,0.57,1.43,2.14,2.29,2.00,0.86,40.67,49.38,55.20,63.91,66.81,69.72,72.62,9.43,58.10
2021-10-06,0.14,0.57,1.57,2.14,2.71,2.00,0.86,40.80,49.54,55.37,64.11,67.02,69.94,72.85,10.00,58.28
2021-10-07,0.29,0.71,1.14,1.86,2.86,2.57,0.57,40.93,49.70,55.55,64.32,67.24,70.16,73.09,10.00,58.47
2021-10-08,0.29,0.86,1.14,1.71,3.00,2.71,0.43,41.05,49.85,55.72,64.52,67.45,70.38,73.31,10.14,58.65
2021-10-09,0.29,0.71,1.14,1.71,3.00,2.43,0.43,41.18,50.01,55.89,64.71,67.65,70.60,73.54,9.71,58.83
2021-10-10,0.29,0.86,1.00,1.57,2.71,2.43,0.57,41.31,50.16,56.06,64.91,67.86,70.81,73.76,9.43,59.01
2021-10-11,0.29,0.57,0.71,1.14,2.14,1.86,0.43,41.43,50.31,56.23,65.11,68.07,71.03,73.99,7.14,59.19
2021-10-12,0.29,0.57,0.86,1.00,2.00,2.14,0.57,41.56,50.46,56.40,65.31,68.28,71.24,74.21,7.43,59.37
2021-10-13,0.29,0.43,0.57,0.86,1.29,2.00,0.71,41.68,50.62,56.57,65.50,68.48,71.46,74.44,6.14,59.55
2021-10-14,0.43,0.29,0.57,1.00,1.57,1.71,0.86,41.81,50.77,56.74,65.70,68.69,71.68,74.66,6.43,59.73
2021-10-15,0.43,0.14,0.71,1.14,1.71,2.00,0.86,41.93,50.91,56.90,65.89,68.88,71.88,74.88,7.00,59.90
2021-10-16,0.43,0.14,0.71,1.00,1.57,2.29,0.86,42.06,51.07,57.08,66.09,69.09,72.10,75.10,7.00,60.08
2021-10-17,0.43,0.29,0.71,1.29,1.43,2.29,0.71,42.18,51.22,57.25,66.29,69.30,72.31,75.33,7.14,60.26
2021-10-18,0.57,0.43,0.71,1.43,1.57,2.71,0.71,42.30,51.37,57.41,66.47,69.49,72.52,75.54,8.14,60.43
2021-10-19,0.43,0.43,0.86,1.57,1.43,2.43,1.00,42.43,51.52,57.58,66.67,69.70,72.73,75.76,8.14,60.61
2021-10-20,0.43,0.43,1.00,2.00,1.57,2.71,1.14,42.55,51.66,57.74,66.86,69.90,72.94,75.97,9.29,60.78
2021-10-21,0.14,0.43,1.00,1.57,1.14,2.86,1.43,42.66,51.81,57.90,67.05,70.09,73.14,76.19,8.57,60.95
2021-10-22,0.14,0.43,1.00,1.29,1.43,3.29,1.71,42.78,51.95,58.06,67.23,70.29,73.34,76.40,9.29,61.12
2021-10-23,0.14,0.43,1.00,1.43,1.86,3.14,1.71,42.90,52.10,58.23,67.42,70.48,73.55,76.61,9.71,61.29
2021-10-24,0.29,0.14,1.14,1.14,1.86,3.57,1.71,43.03,52.25,58.40,67.62,70.69,73.76,76.84,9.86,61.47
2021-10-25,0.43,0.00,1.43,1.57,2.57,3.71,1.57,43.15,52.39,58.56,67.80,70.89,73.97,77.05,11.29,61.64
2021-10-26,0.43,0.00,1.43,1.29,2.86,3.71,1.43,43.26,52.53,58.71,67.98,71.07,74.16,77.25,11.14,61.80
2021-10-27,0.57,0.00,1.86,1.14,2.86,3.86,1.29,43.38,52.67,58.87,68.17,71.27,74.36,77.46,11.57,61.97
2021-10-28,0.57,0.00,1.71,1.57,3.00,3.86,1.86,43.50,52.82,59.03,68.35,71.46,74.57,77.67,12.57,62.14
2021-10-29,0.57,0.00,1.57,1.86,3.71,3.57,1.86,43.62,52.96,59.19,68.54,71.66,74.77,77.89,13.14,62.31
2021-10-30,0.57,0.00,1.57,2.00,3.43,3.43,2.00,43.73,53.10,59.35,68.72,71.84,74.96,78.09,13.00,62.47
2021-10-31,0.43,0.00,1.57,2.00,3.43,3.57,2.29,43.85,53.24,59.51,68.90,72.04,75.17,78.30,13.29,62.64
2021-11-01,0.14,0.00,1.29,1.57,2.71,2.86,2.14,43.96,53.38,59.66,69.08,72.22,75.36,78.50,10.71,62.80
2021-11-02,0.29,0.29,1.14,2.14,2.71,3.29,2.29,44.08,53.52,59.82,69.27,72.42,75.56,78.71,12.14,62.97
2021-11-03,0.29,0.29,0.71,2.57,3.43,4.29,2.43,44.19,53.66,59.97,69.44,72.60,75.76,78.91,14.00,63.13
2021-11-04,0.43,0.43,1.14,2.57,4.00,4.57,1.86,44.30,53.80,60.13,69.62,72.78,75.95,79.11,15.00,63.29
2021-11-05,0.43,0.43,1.29,2.57,3.57,4.43,1.86,44.41,53.93,60.28,69.80,72.97,76.14,79.31,14.57,63.45
2021-11-06,0.43,0.43,1.43,2.29,3.57,4.57,1.71,44.53,54.07,60.43,69.97,73.15,76.33,79.51,14.43,63.61
2021-11-07,0.43,0.43,1.29,2.86,3.86,4.43,1.71,44.64,54.20,60.58,70.15,73.34,76.52,79.71,15.00,63.77
2021-11-08,0.43,0.57,1.29,3.14,4.29,6.00,1.86,44.75,54.34,60.73,70.32,73.52,76.72,79.91,17.57,63.93
2021-11-09,0.29,0.29,1.00,2.71,4.57,6.29,2.29,44.86,54.48,60.89,70.50,73.70,76.91,80.11,17.43,64.09
2021-11-10,0.14,0.29,1.00,2.57,4.29,5.14,2.29,44.97,54.61,61.04,70.68,73.89,77.10,80.31,15.71,64.25
2021-11-11,0.29,0.29,0.57,2.71,4.43,6.00,1.86,45.08,54.74,61.18,70.84,74.06,77.28,80.50,16.14,64.40
2021-11-12,0.43,0.43,0.57,2.57,4.57,7.00,1.86,45.19,54.88,61.33,71.02,74.24,77.47,80.70,17.43,64.56
2021-11-13,0.57,0.43,0.43,2.57,4.71,6.86,1.86,45.30,55.00,61.47,71.18,74.42,77.65,80.89,17.43,64.71
2021-11-14,0.57,0.43,0.43,2.29,5.00,6.71,1.86,45.41,55.14,61.63,71.36,74.60,77.84,81.09,17.29,64.87
2021-11-15,0.71,0.29,0.71,2.71,5.14,6.43,2.86,45.51,55.27,61.77,71.52,74.77,78.02,81.27,18.86,65.02
2021-11-16,0.86,0.57,0.71,3.14,6.29,6.00,2.86,45.62,55.39,61.91,71.69,74.95,78.20,81.46,20.43,65.17
2021-11-17,0.86,0.71,1.29,3.00,5.86,5.86,2.86,45.72,55.52,62.05,71.85,75.12,78.38,81.65,20.43,65.32
2021-11-18,0.57,0.57,1.71,2.71,6.57,4.86,3.29,45.84,55.66,62.21,72.03,75.30,78.58,81.85,20.29,65.48
2021-11-19,0.43,0.71,2.43,3.14,6.57,4.14,3.71,45.94,55.79,62.35,72.19,75.47,78.76,82.04,21.14,65.63
2021-11-20,0.29,0.71,2.71,3.29,6.57,4.71,4.00,46.04,55.90,62.48,72.35,75.64,78.92,82.21,22.29,65.77
2021-11-21,0.43,0.86,2.86,3.29,6.86,4.57,3.86,46.14,56.03,62.62,72.51,75.81,79.10,82.40,22.71,65.92
2021-11-22,0.29,1.00,2.86,3.71,7.29,5.29,3.71,46.25,56.16,62.77,72.68,75.98,79.28,82.59,24.14,66.07
2021-11-23,0.14,0.71,3.29,3.71,6.86,5.43,3.57,46.35,56.29,62.91,72.84,76.15,79.46,82.78,23.71,66.22
2021-11-24,0.29,1.00,2.86,4.29,8.14,6.43,3.86,46.45,56.41,63.04,73.00,76.31,79.63,82.95,26.86,66.36
2021-11-25,0.43,1.29,3.29,5.00,7.71,6.57,3.71,46.56,56.53,63.18,73.16,76.49,79.81,83.14,28.00,66.51
2021-11-26,0.57,1.00,3.00,4.86,7.43,6.71,4.14,46.66,56.65,63.32,73.32,76.65,79.98,83.31,27.71,66.65
2021-11-27,0.57,1.00,2.86,4.86,7.14,6.14,3.86,46.76,56.78,63.46,73.48,76.82,80.16,83.50,26.43,66.80
2021-11-28,0.57,0.86,2.86,5.29,6.14,6.29,3.86,46.86,56.90,63.59,73.63,76.98,80.33,83.67,25.86,66.94
2021-11-29,0.86,1.00,3.43,5.00,7.00,5.29,3.86,46.96,57.02,63.73,73.79,77.14,80.50,83.85,26.43,67.08
2021-11-30,0.86,1.29,3.29,5.29,7.00,6.14,3.86,47.05,57.14,63.86,73.94,77.30,80.66,84.03,27.71,67.22
2021-12-01,0.86,0.86,3.14,5.00,6.86,5.71,3.71,47.15,57.26,63.99,74.10,77.46,80.83,84.20,26.14,67.36
2021-12-02,1.00,0.86,2.43,4.57,7.00,6.86,4.14,47.25,57.38,64.12,74.25,77.62,81.00,84.38,26.86,67.50
2021-12-03,0.86,1.14,2.29,4.57,7.57,7.14,3.29,47.35,57.49,64.26,74.40,77.79,81.17,84.55,26.86,67.64
2021-12-04,0.86,1.14,2.14,4.86,7.57,7.14,3.29,47.45,57.61,64.39,74.56,77.95,81.34,84.72,27.00,67.78
2021-12-05,0.71,1.14,2.00,4.29,7.86,7.29,3.14,47.54,57.72,64.51,74.70,78.10,81.49,84.89,26.43,67.91
2021-12-06,0.43,1.00,1.14,4.57,8.86,9.29,2.86,47.63,57.84,64.65,74.86,78.26,81.66,85.06,28.14,68.05
2021-12-07,0.43,1.00,1.71,4.71,9.43,8.43,2.71,47.73,57.96,64.78,75.01,78.42,81.83,85.24,28.43,68.19
2021-12-08,0.29,1.29,1.57,4.29,8.29,7.71,2.43,47.82,58.07,64.90,75.15,78.57,81.98,85.40,25.86,68.32
2021-12-09,0.14,1.14,2.29,4.43,8.43,7.57,2.43,47.91,58.18,65.03,75.30,78.72,82.14,85.56,26.43,68.45
2021-12-10,0.14,0.86,2.29,4.71,7.71,8.14,2.57,48.01,58.30,65.16,75.45,78.88,82.31,85.74,26.43,68.59
2021-12-11,0.14,0.86,2.29,4.71,8.29,8.00,2.57,48.10,58.41,65.28,75.59,79.03,82.46,85.90,26.86,68.72
2021-12-12,0.14,0.86,2.29,5.00,8.00,7.71,2.57,48.19,58.52,65.41,75.73,79.18,82.62,86.06,26.57,68.85
2021-12-13,0.43,0.71,2.43,4.57,6.57,6.43,3.57,48.29,58.63,65.53,75.88,79.33,82.78,86.23,24.71,68.98
2021-12-14,0.57,0.57,2.00,4.14,6.29,7.57,3.71,48.38,58.74,65.65,76.02,79.48,82.93,86.39,24.86,69.11
2021-12-15,0.57,0.43,3.29,4.57,6.71,8.14,4.00,48.47,58.85,65.78,76.16,79.63,83.09,86.55,27.71,69.24
2021-12-16,0.43,0.29,3.14,4.29,6.29,7.29,3.71,48.56,58.96,65.90,76.31,79.78,83.24,86.71,25.43,69.37
2021-12-17,0.43,0.29,2.71,3.71,6.43,6.86,3.71,48.64,59.07,66.02,76.44,79.91,83.39,86.86,24.14,69.49
2021-12-18,0.43,0.29,3.14,3.43,6.29,7.14,3.71,48.73,59.18,66.14,76.58,80.06,83.54,87.03,24.43,69.62
2021-12-19,0.43,0.29,3.29,3.29,6.29,7.43,3.71,48.82,59.29,66.26,76.73,80.21,83.70,87.19,24.71,69.75
2021-12-20,0.29,0.71,3.14,4.43,5.71,8.00,3.57,48.91,59.39,66.38,76.86,80.35,83.84,87.34,25.86,69.87
2021-12-21,0.14,0.57,3.00,4.86,5.14,6.43,4.43,48.99,59.49,66.49,76.99,80.49,83.99,87.49,24.57,69.99
2021-12-22,0.14,0.86,2.29,4.71,4.71,7.14,4.86,49.08,59.60,66.61,77.13,80.64,84.14,87.65,24.71,70.12
2021-12-23,0.29,1.14,1.86,4.71,4.29,7.43,4.57,49.17,59.70,66.73,77.26,80.78,84.29,87.80,24.29,70.24
2021-12-24,0.29,1.14,2.14,4.71,4.57,7.14,4.43,49.25,59.81,66.84,77.40,80.91,84.43,87.95,24.43,70.36
2021-12-25,0.43,1.14,1.71,4.57,4.43,6.86,4.43,49.34,59.91,66.96,77.53,81.05,84.58,88.10,23.57,70.48
2021-12-26,0.43,1.29,1.57,4.43,4.43,6.57,4.57,49.42,60.01,67.07,77.66,81.19,84.72,88.25,23.29,70.60
2021-12-27,0.29,1.14,1.86,3.43,4.86,5.57,3.14,49.50,60.11,67.18,77.79,81.33,84.86,88.40,20.29,70.72
2021-12-28,0.29,1.43,1.86,3.14,4.57,5.57,1.86,49.59,60.21,67.30,77.92,81.47,85.01,88.55,18.71,70.84
2021-12-29,0.29,1.00,1.57,4.00,5.29,4.71,1.29,49.67,60.32,67.41,78.06,81.60,85.15,88.70,18.14,70.96
2021-12-30,0.43,0.71,1.57,4.14,6.14,3.86,1.43,49.75,60.41,67.52,78.18,81.73,85.28,88.84,18.29,71.07
2021-12-31,0.43,0.71,1.57,4.43,5.14,3.14,1.29,49.83,60.51,67.63,78.31,81.87,85.43,88.99,16.71,71.19
2022-01-01,0.29,0.71,1.71,4.43,4.86,3.14,1.29,49.92,60.61,67.74,78.44,82.01,85.57,89.14,16.43,71.31
2022-01-02,0.29,0.57,1.86,4.29,5.00,3.00,1.29,49.99,60.71,67.85,78.56,82.13,85.70,89.28,16.29,71.42
2022-01-03,0.29,0.43,2.00,3.43,4.43,3.57,1.71,50.07,60.80,67.95,78.68,82.26,85.84,89.41,15.86,71.53
2022-01-04,0.43,0.29,2.14,3.71,4.57,4.14,1.43,50.16,60.90,68.07,78.82,82.40,85.98,89.56,16.71,71.65
2022-01-05,0.43,0.43,2.43,3.14,4.29,3.86,1.29,50.23,61.00,68.17,78.94,82.52,86.11,89.70,15.86,71.76
2022-01-06,0.14,0.43,2.14,2.86,3.57,4.86,1.71,50.31,61.09,68.28,79.06,82.65,86.24,89.84,15.71,71.87
2022-01-07,0.14,0.57,2.00,2.43,4.14,5.14,1.57,50.39,61.18,68.38,79.18,82.78,86.38,89.98,16.00,71.98
2022-01-08,0.14,0.57,1.86,2.43,4.29,5.57,1.57,50.46,61.28,68.49,79.30,82.90,86.51,90.11,16.43,72.09
2022-01-09,0.14,0.57,1.86,2.43,4.14,5.57,1.43,50.54,61.37,68.59,79.42,83.03,86.64,90.25,16.14,72.20
2022-01-10,0.14,0.71,1.57,3.43,4.14,6.29,1.43,50.62,61.46,68.69,79.54,83.16,86.77,90.39,17.71,72.31
2022-01-11,0.14,0.57,2.14,2.57,3.71,6.86,1.57,50.69,61.56,68.80,79.66,83.28,86.90,90.53,17.57,72.42
2022-01-12,0.14,0.43,2.00,2.86,3.43,7.43,1.57,50.76,61.64,68.89,79.77,83.40,87.02,90.65,17.86,72.52
2022-01-13,0.14,0.57,2.57,3.00,3.29,6.86,1.00,50.84,61.74,69.00,79.89,83.52,87.16,90.79,17.43,72.63
2022-01-14,0.29,0.57,3.00,3.71,4.57,6.57,1.43,50.91,61.82,69.09,80.00,83.64,87.28,90.91,20.14,72.73
2022-01-15,0.29,0.57,3.00,3.71,4.43,6.14,1.57,50.99,61.91,69.20,80.12,83.77,87.41,91.05,19.71,72.84
2022-01-16,0.43,0.57,3.00,3.71,4.43,6.29,1.71,51.06,62.00,69.29,80.23,83.88,87.53,91.17,20.14,72.94
2022-01-17,0.71,0.29,2.71,3.29,4.29,5.00,1.57,51.13,62.09,69.40,80.36,84.01,87.66,91.31,17.86,73.05
2022-01-18,0.57,0.43,2.00,3.71,4.71,4.00,1.57,51.20,62.18,69.49,80.47,84.12,87.78,91.44,17.00,73.15
2022-01-19,0.71,0.86,1.86,3.29,5.00,4.00,1.57,51.27,62.26,69.59,80.58,84.24,87.90,91.56,17.29,73.25
2022-01-20,0.71,0.71,1.71,3.29,5.00,3.57,1.86,51.34,62.35,69.68,80.69,84.35,88.02,91.69,16.86,73.35
2022-01-21,0.71,0.71,1.14,3.00,4.43,4.00,1.57,51.41,62.43,69.78,80.80,84.47,88.14,91.81,15.57,73.45
2022-01-22,0.71,0.71,1.14,3.14,4.57,4.43,1.86,51.48,62.52,69.87,80.91,84.58,88.26,91.94,16.57,73.55
2022-01-23,0.57,0.71,1.29,3.14,4.71,4.29,1.86,51.55,62.60,69.97,81.02,84.70,88.38,92.06,16.57,73.65
2022-01-24,0.43,0.71,1.43,4.43,5.14,5.29,2.29,51.62,62.69,70.06,81.12,84.81,88.50,92.19,19.71,73.75
2022-01-25,0.43,0.71,1.14,4.57,5.14,5.71,3.14,51.69,62.76,70.15,81.22,84.92,88.61,92.30,20.86,73.84
2022-01-26,0.29,0.86,1.00,4.29,5.43,6.71,3.71,51.76,62.85,70.24,81.33,85.03,88.73,92.42,22.29,73.94
2022-01-27,0.43,1.14,0.57,4.57,5.57,8.43,3.86,51.83,62.93,70.34,81.44,85.15,88.85,92.55,24.57,74.04
2022-01-28,0.29,1.14,0.86,4.86,5.14,9.71,4.57,51.89,63.01,70.42,81.54,85.25,88.96,92.66,26.57,74.13
2022-01-29,0.29,1.14,0.86,4.86,5.14,9.86,5.00,51.96,63.10,70.52,81.65,85.36,89.08,92.79,27.14,74.23
2022-01-30,0.29,1.14,0.57,5.00,5.00,10.29,5.57,52.02,63.17,70.60,81.75,85.47,89.18,92.90,27.86,74.32
2022-01-31,0.57,1.57,1.14,4.14,6.57,12.00,6.86,52.09,63.25,70.69,81.85,85.57,89.29,93.01,32.86,74.41
2022-02-01,0.71,1.57,1.71,3.86,6.86,12.71,7.86,52.16,63.33,70.78,81.96,85.69,89.41,93.14,35.29,74.51
2022-02-02,0.86,1.14,2.29,5.14,7.71,13.71,8.71,52.22,63.41,70.87,82.06,85.79,89.52,93.25,39.57,74.60
2022-02-03,0.71,1.14,2.71,5.00,8.43,15.43,9.86,52.28,63.49,70.96,82.16,85.89,89.63,93.36,43.29,74.69
2022-02-04,1.00,1.14,3.29,6.29,9.57,16.86,10.29,52.35,63.56,71.04,82.26,86.00,89.74,93.47,48.43,74.78
2022-02-05,1.00,1.57,3.71,6.43,10.00,17.71,10.14,52.41,63.64,71.13,82.36,86.10,89.84,93.59,50.57,74.87
2022-02-06,1.00,1.71,3.71,7.29,10.43,18.14,10.43,52.47,63.72,71.21,82.46,86.20,89.95,93.70,52.71,74.96
2022-02-07,1.00,1.86,4.86,8.57,12.86,22.29,12.71,52.53,63.78,71.29,82.54,86.30,90.05,93.80,64.14,75.04
2022-02-08,1.14,2.29,4.86,10.14,15.57,23.71,14.14,52.59,63.86,71.37,82.64,86.40,90.16,93.91,71.86,75.13
2022-02-09,1.14,2.43,4.71,9.71,17.57,25.86,14.86,52.65,63.94,71.46,82.74,86.50,90.26,94.03,76.29,75.22
2022-02-10,1.57,2.86,5.14,10.57,19.14,26.00,16.29,52.72,64.01,71.54,82.84,86.61,90.37,94.14,81.57,75.31
2022-02-11,1.57,3.43,5.14,10.71,21.29,26.43,18.00,52.77,64.08,71.62,82.93,86.70,90.47,94.24,86.57,75.39
2022-02-12,1.57,3.14,4.86,10.57,21.71,26.71,18.71,52.84,64.16,71.71,83.03,86.80,90.58,94.35,87.29,75.48
2022-02-13,2.00,3.14,5.00,9.86,22.71,27.71,18.71,52.89,64.23,71.78,83.12,86.89,90.67,94.45,89.14,75.56
2022-02-14,1.71,2.86,5.29,11.14,24.14,30.57,19.00,52.95,64.29,71.86,83.20,86.99,90.77,94.55,94.71,75.64
2022-02-15,1.43,2.86,5.14,11.14,25.00,33.14,20.86,53.01,64.37,71.94,83.30,87.09,90.88,94.66,99.57,75.73
2022-02-16,1.43,3.14,4.86,12.86,25.43,34.86,22.00,53.07,64.44,72.02,83.39,87.18,90.97,94.76,104.57,75.81
2022-02-17,1.14,3.14,6.14,13.86,27.71,38.57,22.14,53.12,64.51,72.10,83.48,87.27,91.07,94.86,112.71,75.89
2022-02-18,1.14,3.14,6.86,14.43,28.00,41.43,22.86,53.18,64.57,72.17,83.57,87.37,91.16,94.96,117.86,75.97
2022-02-19,1.29,3.14,7.00,15.00,28.00,40.71,23.14,53.23,64.64,72.25,83.66,87.46,91.26,95.06,118.29,76.05
2022-02-20,1.00,3.14,7.29,15.14,27.86,41.00,24.00,53.29,64.71,72.32,83.74,87.55,91.36,95.16,119.43,76.13
2022-02-21,1.43,3.57,6.71,16.14,27.71,41.29,25.86,53.35,64.78,72.40,83.83,87.64,91.45,95.26,122.71,76.21
2022-02-22,1.43,3.00,7.71,17.14,25.86,42.57,24.00,53.40,64.85,72.48,83.92,87.73,91.55,95.36,121.71,76.29
2022-02-23,1.57,2.57,9.14,16.14,26.43,43.43,25.57,53.46,64.91,72.55,84.01,87.83,91.64,95.46,124.86,76.37
2022-02-24,1.71,2.00,8.71,16.43,24.71,42.14,26.14,53.51,64.97,72.62,84.08,87.91,91.73,95.55,121.86,76.44
2022-02-25,2.57,1.71,7.86,16.29,24.57,42.86,27.29,53.56,65.04,72.69,84.17,88.00,91.82,95.65,123.14,76.52
2022-02-26,2.43,1.57,7.86,16.00,25.14,43.00,26.14,53.62,65.11,72.77,84.26,88.09,91.92,95.75,122.14,76.60
2022-02-27,2.43,1.43,7.43,15.86,25.00,42.71,25.14,53.67,65.17,72.84,84.34,88.17,92.00,95.84,120.00,76.67
2022-02-28,2.14,1.43,7.14,15.14,27.86,46.86,26.29,53.72,65.24,72.91,84.43,88.26,92.10,95.94,126.86,76.75
2022-03-01,2.43,1.57,6.43,14.00,29.43,46.71,26.57,53.77,65.30,72.98,84.50,88.34,92.18,96.02,127.14,76.82
2022-03-02,2.29,1.86,5.43,15.57,29.29,45.29,26.71,53.83,65.37,73.06,84.59,88.44,92.28,96.12,126.43,76.90
2022-03-03,2.29,2.00,4.43,14.57,29.71,45.29,27.00,53.88,65.42,73.12,84.67,88.52,92.36,96.21,125.29,76.97
2022-03-04,1.14,2.43,5.57,14.14,31.29,45.29,24.86,53.93,65.48,73.19,84.74,88.60,92.45,96.30,124.71,77.04
2022-03-05,1.14,2.57,5.29,14.43,31.29,46.00,24.86,53.98,65.54,73.25,84.82,88.68,92.53,96.39,125.57,77.11
2022-03-06,1.14,2.57,5.57,14.71,31.00,45.00,24.57,54.03,65.60,73.32,84.90,88.76,92.62,96.48,124.57,77.18
2022-03-07,1.29,2.00,5.86,14.86,29.71,43.71,23.14,54.07,65.66,73.39,84.98,88.84,92.70,96.56,120.57,77.25
2022-03-08,1.43,2.57,6.43,15.00,29.43,43.29,23.29,54.12,65.72,73.45,85.05,88.92,92.78,96.65,121.43,77.32
2022-03-09,1.71,2.29,6.43,13.43,29.57,43.43,21.71,54.17,65.78,73.52,85.13,89.00,92.87,96.74,118.57,77.39
2022-03-10,1.57,2.57,6.14,13.71,29.29,42.86,18.43,54.22,65.84,73.59,85.21,89.08,92.95,96.82,114.57,77.46
2022-03-11,2.29,2.29,5.43,13.86,28.29,40.57,18.57,54.27,65.90,73.65,85.28,89.16,93.04,96.91,111.29,77.53
2022-03-12,2.29,2.29,5.71,13.57,28.00,40.43,19.00,54.32,65.96,73.72,85.36,89.24,93.12,97.00,111.29,77.60
2022-03-13,2.14,2.43,5.57,13.14,28.86,40.57,18.57,54.37,66.02,73.79,85.44,89.32,93.20,97.09,111.29,77.67
2022-03-14,2.29,2.86,5.29,11.71,28.57,36.14,15.86,54.41,66.07,73.84,85.50,89.39,93.28,97.16,102.71,77.73
2022-03-15,2.29,2.43,5.00,11.57,27.29,34.57,14.00,54.46,66.13,73.91,85.58,89.47,93.36,97.25,97.14,77.80
2022-03-16,1.86,2.71,4.86,11.57,25.86,33.14,13.57,54.51,66.19,73.98,85.66,89.55,93.44,97.34,93.57,77.87
2022-03-17,1.86,2.43,4.71,11.43,24.43,32.14,14.29,54.55,66.24,74.03,85.72,89.62,93.52,97.41,91.29,77.93
2022-03-18,1.86,2.29,5.00,10.14,22.86,31.14,14.00,54.59,66.29,74.09,85.79,89.69,93.59,97.49,87.29,77.99
2022-03-19,1.86,2.14,4.71,10.14,21.86,30.14,13.14,54.64,66.35,74.16,85.87,89.77,93.67,97.58,84.00,78.06
2022-03-20,1.86,2.00,4.57,10.29,20.57,29.86,13.43,54.68,66.40,74.21,85.93,89.84,93.74,97.65,82.57,78.12
2022-03-21,1.57,2.14,4.57,10.29,17.71,27.57,13.86,54.73,66.46,74.28,86.01,89.92,93.83,97.74,77.71,78.19
2022-03-22,1.29,2.29,4.14,9.57,17.86,25.71,14.14,54.77,66.51,74.34,86.08,89.99,93.90,97.81,75.00,78.25
2022-03-23,2.14,2.00,5.00,8.71,16.71,24.71,12.14,54.82,66.56,74.39,86.14,90.06,93.97,97.89,71.43,78.31
2022-03-24,2.57,1.86,5.71,8.14,17.29,23.71,12.00,54.86,66.61,74.45,86.21,90.13,94.04,97.96,71.29,78.37
2022-03-25,1.86,1.86,5.00,7.86,15.71,23.29,10.14,54.90,66.67,74.51,86.27,90.19,94.12,98.04,65.71,78.43
2022-03-26,1.86,1.86,5.00,7.57,15.57,23.29,10.14,54.94,66.72,74.57,86.34,90.26,94.19,98.11,65.29,78.49
2022-03-27,2.00,1.86,5.14,7.29,15.86,22.71,9.86,54.98,66.77,74.62,86.41,90.33,94.26,98.19,64.71,78.55
2022-03-28,1.86,1.71,4.86,7.29,15.29,19.00,8.43,55.03,66.82,74.68,86.47,90.40,94.33,98.26,58.43,78.61
2022-03-29,1.86,1.29,4.57,6.71,14.71,18.43,8.14,55.07,66.87,74.74,86.54,90.47,94.40,98.34,55.71,78.67
2022-03-30,1.00,1.29,4.00,6.14,14.29,17.14,7.86,55.11,66.92,74.79,86.60,90.54,94.48,98.41,51.71,78.73
2022-03-31,0.43,1.29,3.43,5.86,14.29,16.57,7.57,55.15,66.97,74.85,86.67,90.61,94.55,98.49,49.43,78.79
2022-04-01,0.43,1.14,3.57,6.00,13.86,15.14,7.57,55.19,67.01,74.90,86.72,90.67,94.61,98.55,47.71,78.84
2022-04-02,0.43,1.29,3.57,6.00,14.29,14.86,7.57,55.23,67.06,74.95,86.79,90.73,94.68,98.62,48.00,78.90
2022-04-03,0.29,1.43,3.43,6.14,13.86,15.00,8.14,55.27,67.12,75.01,86.86,90.80,94.75,98.70,48.29,78.96
2022-04-04,0.43,1.14,3.14,5.29,13.29,14.57,7.57,55.31,67.16,75.06,86.91,90.86,94.81,98.76,45.43,79.01
2022-04-05,0.29,1.29,3.29,5.29,12.57,14.29,6.43,55.35,67.21,75.12,86.98,90.93,94.88,98.84,43.43,79.07
2022-04-06,0.57,1.43,2.71,5.57,12.00,13.86,6.14,55.38,67.25,75.16,87.03,90.99,94.94,98.90,42.29,79.12
2022-04-07,0.71,1.57,3.00,5.14,11.00,12.14,5.86,55.43,67.30,75.22,87.10,91.06,95.02,98.98,39.43,79.18
2022-04-08,1.00,1.43,2.14,5.29,11.29,11.43,5.57,55.46,67.35,75.27,87.15,91.11,95.08,99.04,38.14,79.23
2022-04-09,1.00,1.29,2.14,5.29,11.00,11.57,5.71,55.50,67.40,75.33,87.22,91.18,95.15,99.11,38.00,79.29
2022-04-10,1.00,1.14,2.14,5.57,10.71,11.43,5.00,55.54,67.44,75.37,87.27,91.24,95.21,99.18,37.00,79.34
2022-04-11,0.71,1.14,2.00,4.86,9.00,11.71,4.86,55.57,67.48,75.42,87.33,91.30,95.27,99.24,34.29,79.39
2022-04-12,0.71,1.00,1.71,5.00,8.43,11.57,5.14,55.61,67.52,75.47,87.38,91.36,95.33,99.30,33.57,79.44
2022-04-13,0.57,0.71,1.71,4.71,8.29,10.43,5.14,55.64,67.57,75.52,87.44,91.41,95.39,99.36,31.57,79.49
2022-04-14,0.71,0.43,1.57,4.14,6.71,11.14,4.71,55.68,67.62,75.57,87.51,91.48,95.46,99.44,29.43,79.55
2022-04-15,0.43,0.29,1.71,3.14,5.14,9.57,4.57,55.72,67.66,75.62,87.56,91.54,95.52,99.50,24.86,79.60
2022-04-16,0.43,0.29,1.71,3.00,5.00,9.43,4.43,55.76,67.70,75.67,87.62,91.60,95.58,99.56,24.29,79.65
2022-04-17,0.43,0.29,1.71,2.57,5.29,9.71,4.71,55.79,67.75,75.72,87.67,91.66,95.64,99.62,24.71,79.70
2022-04-18,0.57,0.00,1.43,2.57,4.86,7.43,4.29,55.82,67.79,75.76,87.73,91.71,95.70,99.69,21.14,79.75
2022-04-19,0.86,0.00,1.43,2.29,4.71,6.71,3.71,55.86,67.83,75.81,87.78,91.77,95.76,99.75,19.71,79.80
2022-04-20,0.71,0.29,1.29,2.71,4.14,6.14,3.57,55.89,67.86,75.85,87.82,91.82,95.81,99.80,18.86,79.84
2022-04-21,0.43,0.29,0.71,2.71,3.86,4.00,3.14,55.92,67.91,75.90,87.88,91.87,95.87,99.86,15.14,79.89
2022-04-22,0.43,0.29,0.57,2.57,3.86,3.86,2.86,55.96,67.95,75.94,87.93,91.93,95.93,99.92,14.43,79.94
2022-04-23,0.57,0.29,0.57,2.86,4.14,4.00,2.86,55.99,67.99,75.99,87.99,91.99,95.99,99.99,15.29,79.99
2022-04-24,0.86,0.43,1.29,4.29,7.43,7.14,4.57,56.02,68.03,76.03,88.03,92.03,96.04,100.00,26.00,80.03
2022-04-25,0.71,0.43,1.14,3.86,6.29,7.57,3.57,56.06,68.07,76.08,88.09,92.09,96.10,100.00,23.57,80.08
2022-04-26,0.43,0.43,1.00,3.86,5.86,6.71,3.29,56.09,68.11,76.12,88.14,92.15,96.16,100.00,21.57,80.13
2022-04-27,0.57,0.14,1.14,3.43,5.71,7.00,3.29,56.12,68.14,76.16,88.19,92.20,96.20,100.00,21.29,80.17
2022-04-28,0.71,0.14,1.29,3.57,6.00,7.57,3.57,56.15,68.19,76.21,88.24,92.25,96.26,100.00,22.86,80.22
2022-04-29,0.71,0.14,1.29,3.57,6.00,7.57,3.71,56.18,68.22,76.25,88.29,92.30,96.31,100.00,23.00,80.26
2022-04-30,0.57,0.14,1.43,3.29,5.71,7.00,3.71,56.22,68.26,76.29,88.34,92.36,96.37,100.00,21.86,80.31
2022-05-01,0.29,0.00,1.14,2.71,3.29,4.43,3.14,56.24,68.30,76.33,88.39,92.40,96.42,100.00,15.00,80.35
2022-05-02,0.29,0.14,1.43,2.14,3.14,3.86,2.71,56.28,68.34,76.38,88.44,92.46,96.48,100.00,13.71,80.40
2022-05-03,0.14,0.14,1.71,2.00,2.86,4.29,2.86,56.31,68.37,76.42,88.48,92.51,96.53,100.00,14.00,80.44
2022-05-04,0.00,0.29,1.71,1.71,3.29,4.14,2.43,56.34,68.41,76.46,88.53,92.55,96.58,100.00,13.57,80.48
2022-05-05,0.00,0.29,1.71,1.57,3.00,4.29,2.29,56.36,68.44,76.49,88.57,92.60,96.62,100.00,13.14,80.52
2022-05-06,0.00,0.29,1.71,1.71,2.86,4.29,2.14,56.40,68.48,76.54,88.63,92.66,96.68,100.00,13.00,80.57
2022-05-07,0.00,0.29,1.57,1.71,2.71,4.71,2.00,56.43,68.52,76.58,88.67,92.70,96.73,100.00,13.00,80.61
2022-05-08,0.00,0.29,1.71,1.00,2.00,4.86,1.29,56.45,68.55,76.62,88.72,92.75,96.78,100.00,11.14,80.65
2022-05-09,0.14,0.14,1.57,0.86,1.71,4.29,1.71,56.48,68.59,76.66,88.76,92.79,96.83,100.00,10.43,80.69
2022-05-10,0.43,0.29,1.29,1.14,2.00,3.71,1.86,56.51,68.62,76.69,88.80,92.84,96.88,100.00,10.71,80.73
2022-05-11,0.43,0.14,1.14,0.86,2.00,3.71,2.29,56.54,68.65,76.73,88.85,92.89,96.92,100.00,10.57,80.77
2022-05-12,0.57,0.14,1.14,0.86,2.14,3.29,2.29,56.57,68.69,76.77,88.89,92.93,96.97,100.00,10.43,80.81
2022-05-13,0.57,0.14,1.14,0.86,2.14,3.57,2.29,56.59,68.72,76.81,88.94,92.98,97.02,100.00,10.71,80.85
2022-05-14,0.57,0.29,1.14,1.00,2.43,3.71,2.29,56.62,68.76,76.85,88.98,93.02,97.07,100.00,11.43,80.89
2022-05-15,0.71,0.29,0.71,1.43,2.57,3.86,1.57,56.65,68.79,76.88,89.02,93.07,97.12,100.00,11.14,80.93
2022-05-16,0.57,0.29,0.71,1.71,2.57,3.43,1.71,56.68,68.82,76.92,89.07,93.12,97.16,100.00,11.00,80.97
2022-05-17,0.43,0.29,0.71,1.71,2.86,3.14,1.43,56.71,68.86,76.96,89.11,93.16,97.21,100.00,10.57,81.01
2022-05-18,0.43,0.43,0.71,2.14,2.14,2.86,1.29,56.73,68.88,76.99,89.14,93.20,97.25,100.00,10.00,81.04
2022-05-19,0.29,0.43,0.57,2.29,2.00,3.14,1.43,56.76,68.92,77.03,89.19,93.24,97.30,100.00,10.14,81.08
2022-05-20,0.29,0.43,0.86,2.14,2.00,3.00,1.86,56.78,68.95,77.06,89.23,93.29,97.34,100.00,10.57,81.12
2022-05-21,0.29,0.29,1.00,2.00,1.71,2.43,2.14,56.81,68.99,77.10,89.28,93.33,97.39,100.00,9.86,81.16
2022-05-22,0.29,0.57,1.29,2.14,1.71,1.71,2.43,56.83,69.01,77.13,89.31,93.37,97.43,100.00,10.14,81.19
2022-05-23,0.29,0.57,1.00,2.43,2.43,2.00,2.14,56.86,69.05,77.17,89.35,93.41,97.48,100.00,10.86,81.23
2022-05-24,0.57,0.57,1.29,2.00,1.86,2.57,2.29,56.89,69.08,77.21,89.40,93.46,97.52,100.00,11.14,81.27
2022-05-25,0.57,0.43,1.14,1.71,2.29,2.43,2.43,56.91,69.10,77.23,89.43,93.49,97.56,100.00,11.00,81.30
2022-05-26,0.57,0.43,1.14,1.57,2.29,1.86,2.14,56.94,69.14,77.27,89.47,93.54,97.61,100.00,10.00,81.34
2022-05-27,0.57,0.57,0.86,1.71,2.71,2.00,2.00,56.96,69.16,77.30,89.51,93.58,97.64,100.00,10.43,81.37
2022-05-28,0.57,0.57,0.71,1.71,2.86,2.14,1.71,56.99,69.20,77.34,89.55,93.62,97.69,100.00,10.29,81.41
2022-05-29,0.29,0.29,0.29,1.14,2.71,1.71,1.43,57.01,69.22,77.37,89.58,93.66,97.73,100.00,7.86,81.44
2022-05-30,0.43,0.29,0.57,1.29,2.71,1.71,1.57,57.03,69.25,77.40,89.62,93.69,97.76,100.00,8.57,81.47
2022-05-31,0.14,0.14,0.29,1.43,2.71,1.57,1.57,57.06,69.28,77.43,89.66,93.74,97.81,100.00,7.86,81.51
2022-06-01,0.14,0.14,0.29,1.86,2.57,2.57,1.71,57.08,69.31,77.46,89.69,93.77,97.85,100.00,9.29,81.54
2022-06-02,0.29,0.14,0.43,2.29,3.00,3.29,2.14,57.10,69.33,77.49,89.73,93.81,97.88,100.00,11.57,81.57
2022-06-03,0.29,0.00,0.57,2.29,3.57,3.29,2.43,57.13,69.37,77.53,89.77,93.85,97.93,100.00,12.43,81.61
2022-06-04,0.29,0.00,0.71,2.43,3.43,3.57,2.57,57.15,69.39,77.56,89.80,93.89,97.97,100.00,13.00,81.64
2022-06-05,0.29,0.00,0.71,2.29,3.14,3.86,3.00,57.17,69.42,77.59,89.84,93.92,98.00,100.00,13.29,81.67
2022-06-06,0.29,0.00,0.71,1.71,3.14,4.86,3.71,57.19,69.45,77.61,89.87,93.95,98.04,100.00,14.43,81.70
2022-06-07,0.29,0.00,0.71,1.71,3.57,5.43,3.71,57.21,69.47,77.64,89.90,93.99,98.08,100.00,15.43,81.73
2022-06-08,0.29,0.14,0.86,1.29,4.14,5.43,3.57,57.24,69.50,77.68,89.95,94.04,98.12,100.00,15.71,81.77
2022-06-09,0.14,0.29,0.86,1.29,4.43,5.29,3.71,57.26,69.53,77.71,89.98,94.07,98.16,100.00,16.00,81.80
2022-06-10,0.14,0.43,0.71,1.14,3.71,5.57,3.86,57.28,69.56,77.74,90.01,94.10,98.20,100.00,15.57,81.83
2022-06-11,0.29,0.57,0.57,1.00,4.14,5.86,3.71,57.30,69.58,77.77,90.05,94.14,98.23,100.00,16.14,81.86
2022-06-12,0.29,0.57,0.71,1.00,4.29,6.43,4.14,57.32,69.61,77.80,90.08,94.17,98.27,100.00,17.43,81.89
2022-06-13,0.14,0.57,0.86,1.00,4.14,7.14,4.43,57.34,69.63,77.82,90.11,94.21,98.30,100.00,18.29,81.92
2022-06-14,0.14,0.71,1.14,1.86,4.14,6.86,4.14,57.36,69.66,77.85,90.15,94.24,98.34,100.00,19.00,81.95
2022-06-15,0.14,1.00,1.00,2.00,4.14,7.14,4.57,57.39,69.68,77.88,90.18,94.28,98.38,100.00,20.00,81.98
2022-06-16,0.14,0.86,1.29,2.29,4.00,7.86,4.14,57.41,69.71,77.91,90.21,94.31,98.41,100.00,20.57,82.01
2022-06-17,0.57,0.71,1.57,2.43,4.29,8.71,4.29,57.42,69.73,77.93,90.23,94.33,98.44,100.00,22.57,82.03
2022-06-18,0.43,0.57,1.57,2.43,3.86,8.71,4.71,57.44,69.75,77.96,90.27,94.37,98.47,100.00,22.29,82.06
2022-06-19,0.43,0.71,1.43,3.00,4.00,7.71,4.00,57.46,69.78,77.99,90.30,94.40,98.51,100.00,21.29,82.09
2022-06-20,0.57,0.86,1.29,3.86,4.57,7.00,3.29,57.48,69.80,78.01,90.33,94.44,98.54,100.00,21.43,82.12
2022-06-21,0.57,0.71,1.00,3.14,4.14,6.71,3.43,57.51,69.83,78.04,90.37,94.47,98.58,100.00,19.71,82.15
2022-06-22,0.71,0.57,1.29,3.14,4.29,7.43,3.43,57.52,69.84,78.06,90.39,94.50,98.60,100.00,20.86,82.17
2022-06-23,0.71,0.71,1.14,2.86,4.71,7.29,4.29,57.54,69.87,78.09,90.42,94.53,98.64,100.00,21.71,82.20
2022-06-24,0.29,0.71,0.86,3.57,4.43,7.14,4.43,57.56,69.90,78.12,90.45,94.56,98.68,100.00,21.43,82.23
2022-06-25,0.29,0.71,1.00,3.57,5.00,6.71,4.57,57.57,69.91,78.14,90.48,94.59,98.70,100.00,21.86,82.25
2022-06-26,0.29,0.57,1.00,3.14,4.57,7.14,4.86,57.60,69.94,78.17,90.51,94.62,98.74,100.00,21.57,82.28
2022-06-27,0.29,0.43,1.14,2.29,3.57,6.29,4.14,57.62,69.96,78.19,90.54,94.66,98.77,100.00,18.14,82.31
2022-06-28,0.29,0.43,1.57,2.71,4.57,8.00,5.14,57.63,69.98,78.21,90.56,94.68,98.80,100.00,22.71,82.33
2022-06-29,0.43,0.14,1.43,3.57,4.57,7.86,4.86,57.65,70.01,78.24,90.60,94.71,98.83,100.00,22.86,82.36
2022-06-30,0.57,0.14,1.29,3.43,4.29,7.71,5.00,57.67,70.02,78.26,90.62,94.74,98.86,100.00,22.43,82.38
2022-07-01,0.71,0.14,1.29,3.29,5.14,7.57,4.57,57.69,70.05,78.29,90.65,94.77,98.89,100.00,22.71,82.41
2022-07-02,0.86,0.14,1.29,3.43,5.14,8.00,4.14,57.70,70.07,78.31,90.67,94.79,98.92,100.00,23.00,82.43
2022-07-03,0.86,0.14,1.43,3.57,5.71,8.00,4.57,57.72,70.09,78.34,90.71,94.83,98.95,100.00,24.29,82.46
2022-07-04,0.86,0.14,1.71,4.29,7.29,10.71,6.71,57.74,70.11,78.36,90.73,94.85,98.98,100.00,31.71,82.48
2022-07-05,1.14,0.43,1.57,4.00,7.14,10.43,6.71,57.76,70.13,78.38,90.76,94.89,99.01,100.00,31.43,82.51
2022-07-06,1.00,0.57,1.86,3.00,7.00,9.86,7.14,57.77,70.15,78.40,90.78,94.91,99.04,100.00,30.43,82.53
2022-07-07,1.29,0.43,1.71,3.29,7.29,10.00,7.00,57.79,70.18,78.43,90.82,94.94,99.07,100.00,31.00,82.56
2022-07-08,1.14,0.57,2.29,3.00,7.71,10.86,7.43,57.81,70.19,78.45,90.84,94.97,99.10,100.00,33.00,82.58
2022-07-09,1.00,0.57,2.14,3.14,7.86,10.57,8.00,57.82,70.21,78.47,90.86,94.99,99.12,100.00,33.29,82.60
2022-07-10,1.00,0.57,2.00,3.14,7.43,10.57,7.14,57.84,70.24,78.50,90.89,95.02,99.16,100.00,31.86,82.63
2022-07-11,1.00,0.71,1.86,3.43,7.57,10.57,7.29,57.85,70.25,78.52,90.92,95.05,99.18,100.00,32.43,82.65
2022-07-12,0.86,0.57,1.86,3.57,7.43,10.00,7.29,57.87,70.27,78.54,90.94,95.07,99.20,100.00,31.57,82.67
2022-07-13,0.71,0.57,1.71,4.43,7.57,10.86,8.14,57.88,70.29,78.56,90.96,95.09,99.23,100.00,34.00,82.69
2022-07-14,0.57,1.00,2.14,4.71,7.14,12.00,8.57,57.90,70.31,78.58,90.99,95.13,99.26,100.00,36.14,82.72
2022-07-15,0.71,1.00,2.14,5.00,6.29,12.00,8.57,57.92,70.33,78.60,91.01,95.15,99.29,100.00,35.71,82.74
2022-07-16,0.86,1.00,2.43,4.86,5.86,12.00,8.29,57.93,70.35,78.62,91.04,95.17,99.31,100.00,35.29,82.76
2022-07-17,0.86,1.00,2.43,4.86,5.71,12.14,8.29,57.95,70.36,78.64,91.06,95.20,99.34,100.00,35.29,82.78
2022-07-18,1.14,1.29,2.00,4.86,6.43,11.00,8.29,57.96,70.38,78.66,91.08,95.22,99.36,100.00,35.00,82.80
2022-07-19,1.00,1.43,1.71,5.29,6.57,12.00,8.14,57.98,70.41,78.69,91.11,95.25,99.40,100.00,36.14,82.83
2022-07-20,1.14,1.43,1.57,4.57,6.86,11.86,7.57,57.99,70.42,78.71,91.14,95.28,99.42,100.00,35.00,82.85
2022-07-21,0.86,1.29,1.29,4.29,7.00,11.00,6.86,58.01,70.44,78.73,91.16,95.30,99.44,100.00,32.57,82.87
2022-07-22,0.71,1.29,1.00,3.86,7.57,11.71,7.00,58.02,70.46,78.75,91.18,95.32,99.47,100.00,33.14,82.89
2022-07-23,0.57,1.29,0.86,3.86,8.00,11.43,6.86,58.04,70.47,78.76,91.20,95.35,99.49,100.00,32.86,82.91
2022-07-24,0.57,1.57,1.00,3.57,8.43,11.43,7.14,58.05,70.49,78.78,91.22,95.37,99.52,100.00,33.71,82.93
2022-07-25,0.43,1.43,1.29,3.86,7.57,12.71,7.14,58.06,70.51,78.80,91.25,95.39,99.54,100.00,34.43,82.95
2022-07-26,0.43,1.29,2.14,3.43,7.43,12.57,7.00,58.08,70.52,78.82,91.27,95.42,99.56,100.00,34.29,82.97
2022-07-27,0.43,1.29,2.43,3.71,6.86,11.71,6.43,58.09,70.54,78.84,91.29,95.44,99.59,100.00,32.86,82.99
2022-07-28,0.43,1.14,2.29,3.29,7.29,10.71,7.14,58.11,70.56,78.86,91.31,95.46,99.61,100.00,32.29,83.01
2022-07-29,0.43,1.57,2.43,3.86,7.86,9.43,7.14,58.12,70.58,78.88,91.33,95.48,99.64,100.00,32.71,83.03
2022-07-30,0.43,1.57,2.29,3.86,7.29,9.71,7.14,58.13,70.59,78.90,91.36,95.51,99.66,100.00,32.29,83.05
2022-07-31,0.43,1.29,2.29,3.86,7.14,9.14,6.86,58.15,70.61,78.92,91.38,95.53,99.68,100.00,31.00,83.07
2022-08-01,0.29,1.29,2.29,3.71,8.00,8.29,6.29,58.16,70.62,78.93,91.39,95.54,99.70,100.00,30.14,83.08
2022-08-02,0.43,1.57,1.71,3.57,8.43,8.00,6.71,58.17,70.63,78.94,91.41,95.56,99.72,100.00,30.43,83.10
2022-08-03,0.43,1.43,1.29,3.43,8.00,8.57,7.43,58.18,70.65,78.96,91.43,95.59,99.74,100.00,30.57,83.12
2022-08-04,0.43,1.43,1.57,3.71,7.71,9.71,6.57,58.20,70.67,78.98,91.45,95.61,99.77,100.00,31.14,83.14
2022-08-05,0.43,1.00,1.29,3.29,7.86,9.86,6.00,58.21,70.69,79.00,91.48,95.63,99.79,100.00,29.71,83.16
2022-08-06,0.43,1.00,1.29,3.14,8.00,9.71,5.86,58.23,70.70,79.02,91.50,95.66,99.82,100.00,29.43,83.18
2022-08-07,0.43,1.00,1.14,3.29,7.86,10.14,5.86,58.23,70.71,79.03,91.51,95.67,99.83,100.00,29.71,83.19
2022-08-08,0.29,1.00,1.14,2.86,6.71,10.29,5.14,58.25,70.73,79.05,91.53,95.69,99.85,100.00,27.43,83.21
2022-08-09,0.29,0.57,1.71,2.57,6.43,10.29,4.14,58.26,70.75,79.07,91.55,95.71,99.88,100.00,26.00,83.23
2022-08-10,0.14,0.57,2.14,2.71,6.57,10.43,3.29,58.27,70.76,79.09,91.58,95.74,99.90,100.00,25.86,83.25
2022-08-11,0.14,0.57,2.00,3.00,6.71,10.00,3.57,58.28,70.77,79.10,91.59,95.75,99.91,100.00,26.00,83.26
2022-08-12,0.29,0.43,2.14,3.29,5.57,9.86,4.29,58.30,70.79,79.12,91.61,95.77,99.94,100.00,25.86,83.28
2022-08-13,0.43,0.43,2.14,3.29,5.71,9.57,4.29,58.31,70.80,79.13,91.63,95.79,99.96,100.00,25.86,83.30
2022-08-14,0.43,0.43,2.14,3.14,6.00,9.71,4.29,58.32,70.81,79.14,91.64,95.81,99.97,100.00,26.14,83.31
2022-08-15,0.57,0.14,2.00,2.29,4.43,7.43,3.29,58.33,70.83,79.16,91.66,95.83,100.00,100.00,20.14,83.33
2022-08-16,0.57,0.86,1.43,4.57,6.14,10.14,4.71,58.34,70.85,79.18,91.69,95.85,100.00,100.00,28.43,83.35
2022-08-17,0.71,1.00,1.14,5.14,6.57,10.00,5.14,58.35,70.86,79.19,91.70,95.86,100.00,100.00,29.71,83.36
2022-08-18,0.71,1.00,1.29,5.14,6.57,9.71,5.29,58.37,70.87,79.21,91.72,95.89,100.00,100.00,29.71,83.38
2022-08-19,0.57,1.00,1.43,5.29,6.57,10.00,4.71,58.37,70.88,79.22,91.73,95.90,100.00,100.00,29.57,83.39
2022-08-20,0.43,1.00,1.57,5.57,6.71,10.29,4.71,58.39,70.90,79.24,91.75,95.92,100.00,100.00,30.29,83.41
2022-08-21,0.43,1.14,1.57,5.71,6.57,9.86,4.86,58.40,70.92,79.26,91.77,95.94,100.00,100.00,30.14,83.43
2022-08-22,0.29,1.29,2.29,7.00,8.29,13.29,6.29,58.41,70.92,79.27,91.78,95.96,100.00,100.00,38.71,83.44
2022-08-23,0.14,0.86,2.00,4.86,6.00,11.00,5.29,58.42,70.94,79.29,91.81,95.98,100.00,100.00,30.14,83.46
2022-08-24,0.00,1.00,2.14,4.29,6.14,9.86,5.29,58.43,70.95,79.30,91.82,95.99,100.00,100.00,28.71,83.47
2022-08-25,0.14,0.86,2.14,4.29,6.29,9.71,5.43,58.44,70.97,79.32,91.84,96.01,100.00,100.00,28.86,83.49
2022-08-26,0.14,0.86,2.00,3.57,6.14,9.43,5.43,58.45,70.97,79.33,91.85,96.02,100.00,100.00,27.57,83.50
2022-08-27,0.14,0.86,1.86,3.57,6.00,9.57,5.57,58.46,70.99,79.34,91.87,96.05,100.00,100.00,27.57,83.52
2022-08-28,0.14,0.71,1.86,3.57,6.00,9.86,5.43,58.47,71.00,79.35,91.88,96.06,100.00,100.00,27.57,83.53
2022-08-29,0.14,0.71,1.29,3.43,5.57,9.86,5.14,58.48,71.01,79.36,91.89,96.07,100.00,100.00,26.14,83.54
2022-08-30,0.14,0.71,2.29,3.86,5.57,8.86,4.86,58.49,71.03,79.38,91.92,96.09,100.00,100.00,26.29,83.56
2022-08-31,0.14,0.43,2.43,3.57,5.14,9.00,5.43,58.50,71.03,79.39,91.93,96.11,100.00,100.00,26.14,83.57
2022-09-01,0.14,0.57,2.14,3.71,5.57,10.29,4.86,58.51,71.05,79.41,91.95,96.13,100.00,100.00,27.29,83.59
2022-09-02,0.14,0.71,2.43,4.00,5.86,9.71,4.86,58.52,71.06,79.42,91.96,96.14,100.00,100.00,27.71,83.60
2022-09-03,0.14,0.71,2.43,3.71,5.57,9.71,4.57,58.53,71.07,79.43,91.97,96.15,100.00,100.00,26.86,83.61
2022-09-04,0.14,0.71,2.43,3.57,5.43,9.43,4.71,58.54,71.09,79.45,91.99,96.17,100.00,100.00,26.43,83.63
2022-09-05,0.29,0.71,2.29,2.86,5.71,8.29,5.14,58.55,71.09,79.46,92.00,96.19,100.00,100.00,25.29,83.64
2022-09-06,0.43,0.43,1.57,2.86,5.71,7.71,5.43,58.55,71.10,79.47,92.02,96.20,100.00,100.00,24.14,83.65
2022-09-07,0.43,0.43,1.29,3.29,6.14,8.00,4.71,58.57,71.12,79.49,92.04,96.22,100.00,100.00,24.29,83.67
2022-09-08,0.43,0.29,1.57,3.00,5.43,7.00,5.00,58.58,71.13,79.50,92.05,96.23,100.00,100.00,22.71,83.68
2022-09-09,0.71,0.29,1.71,2.86,5.00,8.14,5.29,58.58,71.14,79.51,92.06,96.24,100.00,100.00,24.00,83.69
2022-09-10,0.71,0.29,1.86,2.86,5.00,8.43,5.57,58.60,71.15,79.52,92.08,96.27,100.00,100.00,24.71,83.71
2022-09-11,0.71,0.29,2.00,3.00,5.14,8.43,5.86,58.60,71.16,79.53,92.09,96.28,100.00,100.00,25.43,83.72
2022-09-12,0.71,0.14,2.43,3.14,5.43,8.29,5.43,58.61,71.17,79.54,92.10,96.29,100.00,100.00,25.57,83.73
2022-09-13,0.71,0.29,2.29,2.71,5.86,9.14,5.14,58.62,71.18,79.55,92.11,96.30,100.00,100.00,26.14,83.74
2022-09-14,0.86,0.43,2.14,2.14,5.14,9.00,4.43,58.63,71.20,79.57,92.14,96.32,100.00,100.00,24.14,83.76
2022-09-15,0.71,0.43,1.86,1.57,4.29,8.00,3.57,58.64,71.20,79.58,92.15,96.34,100.00,100.00,20.43,83.77
2022-09-16,0.43,0.29,1.14,1.29,3.71,6.00,2.57,58.65,71.21,79.59,92.16,96.35,100.00,100.00,15.43,83.78
2022-09-17,0.43,0.29,1.00,1.29,3.57,5.29,2.29,58.65,71.22,79.60,92.17,96.36,100.00,100.00,14.14,83.79
2022-09-18,0.57,0.43,1.43,1.86,5.00,7.29,2.57,58.66,71.23,79.61,92.18,96.37,100.00,100.00,19.14,83.80
2022-09-19,0.57,0.43,0.71,1.43,3.43,4.86,1.71,58.67,71.25,79.63,92.20,96.39,100.00,100.00,13.14,83.82
2022-09-20,0.43,0.43,0.86,1.29,4.00,5.14,3.14,58.68,71.26,79.64,92.21,96.40,100.00,100.00,15.29,83.83
2022-09-21,0.29,0.43,1.14,1.43,4.86,5.57,3.71,58.69,71.26,79.65,92.22,96.42,100.00,100.00,17.43,83.84
2022-09-22,0.29,0.43,1.57,1.86,5.43,6.29,3.86,58.69,71.27,79.66,92.23,96.43,100.00,100.00,19.71,83.85
2022-09-23,0.29,0.43,1.57,1.86,6.14,8.00,4.57,58.70,71.28,79.67,92.25,96.44,100.00,100.00,22.86,83.86
2022-09-24,0.29,0.57,1.57,1.86,6.29,8.00,4.57,58.71,71.29,79.68,92.26,96.45,100.00,100.00,23.14,83.87
2022-09-25,0.14,0.43,1.00,1.14,4.86,6.29,3.86,58.72,71.30,79.69,92.27,96.46,100.00,100.00,17.71,83.88
2022-09-26,0.14,0.43,2.00,1.57,6.86,7.57,5.00,58.73,71.31,79.70,92.29,96.48,100.00,100.00,23.57,83.90
2022-09-27,0.14,0.43,2.00,1.29,5.86,6.29,3.29,58.74,71.32,79.71,92.30,96.50,100.00,100.00,19.29,83.91
2022-09-28,0.29,0.29,2.14,1.43,5.43,5.86,3.14,58.74,71.33,79.72,92.31,96.51,100.00,100.00,18.57,83.92
2022-09-29,0.43,0.57,2.14,1.71,5.14,5.86,3.57,58.75,71.34,79.73,92.32,96.52,100.00,100.00,19.43,83.93
2022-09-30,0.43,0.71,2.14,1.86,4.86,5.71,3.29,58.76,71.35,79.74,92.33,96.53,100.00,100.00,19.00,83.94
2022-10-01,0.43,0.57,2.14,2.00,5.00,6.14,3.43,58.77,71.36,79.75,92.35,96.54,100.00,100.00,19.71,83.95
2022-10-02,0.43,0.57,2.14,2.14,4.86,6.14,3.57,58.77,71.37,79.76,92.36,96.55,100.00,100.00,19.86,83.96
2022-10-03,0.43,0.57,1.29,2.29,3.14,6.14,4.00,58.78,71.37,79.77,92.37,96.57,100.00,100.00,17.86,83.97
2022-10-04,0.43,0.57,1.29,2.86,3.14,6.29,4.43,58.79,71.38,79.78,92.38,96.58,100.00,100.00,19.00,83.98
2022-10-05,0.43,0.57,1.29,2.71,2.57,6.14,4.14,58.79,71.39,79.79,92.39,96.59,100.00,100.00,17.86,83.99
2022-10-06,0.43,0.29,1.43,2.71,2.57,6.14,3.71,58.80,71.40,79.80,92.40,96.60,100.00,100.00,17.29,84.00
2022-10-07,0.43,0.14,1.71,2.71,2.57,5.14,3.71,58.81,71.41,79.81,92.41,96.61,100.00,100.00,16.43,84.01
2022-10-08,0.43,0.14,1.71,2.71,2.57,4.71,4.00,58.81,71.42,79.82,92.42,96.62,100.00,100.00,16.29,84.02
2022-10-09,0.43,0.14,1.71,2.57,2.57,4.43,4.14,58.82,71.43,79.83,92.43,96.63,100.00,100.00,16.00,84.03
2022-10-10,0.29,0.14,1.57,2.14,2.00,3.29,2.43,58.83,71.43,79.84,92.44,96.65,100.00,100.00,11.86,84.04
2022-10-11,0.57,0.00,1.57,2.29,3.00,4.14,2.86,58.83,71.44,79.85,92.45,96.66,100.00,100.00,14.43,84.05
2022-10-12,0.43,0.00,1.14,2.43,3.29,4.14,2.86,58.84,71.45,79.86,92.47,96.67,100.00,100.00,14.29,84.06
2022-10-13,0.29,0.14,0.71,2.00,4.00,4.00,3.43,58.85,71.46,79.87,92.48,96.68,100.00,100.00,14.57,84.07
2022-10-14,0.29,0.14,0.43,2.00,4.00,4.29,3.57,58.86,71.47,79.88,92.49,96.69,100.00,100.00,14.71,84.08
2022-10-15,0.43,0.14,0.43,1.86,3.71,4.57,3.71,58.86,71.47,79.88,92.49,96.69,100.00,100.00,14.86,84.08
2022-10-16,0.43,0.14,0.43,2.00,3.57,4.86,3.43,58.86,71.48,79.89,92.50,96.70,100.00,100.00,14.86,84.09
2022-10-17,0.57,0.14,0.71,2.57,4.57,6.00,4.57,58.87,71.48,79.89,92.51,96.71,100.00,100.00,19.14,84.10
2022-10-18,0.43,0.14,0.57,2.29,3.57,4.86,4.14,58.88,71.49,79.90,92.52,96.73,100.00,100.00,16.00,84.11
2022-10-19,0.43,0.14,0.57,2.57,3.86,4.86,4.43,58.88,71.50,79.91,92.53,96.74,100.00,100.00,16.86,84.12
2022-10-20,0.43,0.00,0.71,2.43,3.14,4.86,4.00,58.89,71.51,79.92,92.54,96.75,100.00,100.00,15.57,84.13
2022-10-21,0.43,0.00,0.71,2.29,2.71,4.00,3.43,58.90,71.52,79.93,92.55,96.76,100.00,100.00,13.57,84.14
2022-10-22,0.57,0.14,1.00,2.86,3.29,5.29,3.29,58.91,71.53,79.94,92.57,96.77,100.00,100.00,16.43,84.15
2022-10-23,0.57,0.14,1.00,2.86,3.57,5.00,3.57,58.91,71.53,79.94,92.57,96.77,100.00,100.00,16.71,84.15
2022-10-24,0.43,0.29,0.86,2.29,3.71,4.57,2.86,58.91,71.54,79.95,92.58,96.78,100.00,100.00,15.00,84.16
2022-10-25,0.29,0.71,1.00,2.57,4.14,5.00,2.43,58.92,71.54,79.96,92.59,96.80,100.00,100.00,16.14,84.17
2022-10-26,0.29,0.71,1.14,2.57,3.71,5.43,2.14,58.93,71.55,79.97,92.60,96.81,100.00,100.00,16.00,84.18
2022-10-27,0.43,0.71,1.00,2.86,4.00,6.00,2.43,58.93,71.56,79.98,92.61,96.82,100.00,100.00,17.43,84.19
2022-10-28,0.43,0.71,1.00,2.86,4.00,6.00,2.43,58.93,71.56,79.98,92.61,96.82,100.00,100.00,17.43,84.19
2022-10-29,0.14,0.57,0.71,2.29,3.43,4.43,2.00,58.94,71.57,79.99,92.62,96.83,100.00,100.00,13.57,84.20
2022-10-30,0.14,0.57,0.71,2.14,3.14,4.29,1.71,58.95,71.58,80.00,92.63,96.84,100.00,100.00,12.71,84.21
2022-10-31,0.29,0.43,1.00,2.71,3.14,5.57,2.86,58.95,71.59,80.01,92.64,96.85,100.00,100.00,16.00,84.22
2022-11-01,0.29,0.00,1.00,2.14,2.29,5.29,3.14,58.96,71.60,80.02,92.65,96.86,100.00,100.00,14.14,84.23
2022-11-02,0.29,0.14,1.14,2.57,3.71,6.43,4.14,58.96,71.60,80.02,92.65,96.86,100.00,100.00,18.43,84.23
2022-11-03,0.14,0.14,1.14,2.43,3.86,6.14,4.71,58.97,71.60,80.03,92.66,96.88,100.00,100.00,18.57,84.24
2022-11-04,0.43,0.14,2.00,2.71,5.29,7.71,5.86,58.97,71.61,80.04,92.68,96.89,100.00,100.00,24.14,84.25
2022-11-05,0.43,0.14,2.14,2.86,6.00,8.14,6.43,58.98,71.62,80.05,92.69,96.90,100.00,100.00,26.14,84.26
2022-11-06,0.43,0.14,2.14,2.86,6.00,8.29,6.43,58.98,71.62,80.05,92.69,96.90,100.00,100.00,26.29,84.26
2022-11-07,0.29,0.43,2.00,2.57,6.71,9.14,5.71,58.99,71.63,80.06,92.70,96.91,100.00,100.00,26.86,84.27
2022-11-08,0.29,0.43,1.86,2.43,7.71,10.00,6.71,59.00,71.64,80.07,92.71,96.92,100.00,100.00,29.43,84.28
2022-11-09,0.29,0.29,1.86,1.43,6.43,9.14,7.29,59.00,71.65,80.08,92.72,96.93,100.00,100.00,26.71,84.29
2022-11-10,0.43,0.43,1.71,1.29,6.71,9.43,7.00,59.00,71.65,80.08,92.72,96.93,100.00,100.00,27.00,84.29
2022-11-11,0.29,0.43,1.00,1.43,5.86,9.00,6.86,59.01,71.66,80.08,92.73,96.94,100.00,100.00,24.86,84.30
2022-11-12,0.43,0.43,0.86,1.29,5.71,9.14,6.86,59.02,71.66,80.09,92.74,96.96,100.00,100.00,24.71,84.31
2022-11-13,0.43,0.43,1.00,1.29,5.86,9.14,7.29,59.02,71.66,80.09,92.74,96.96,100.00,100.00,25.43,84.31
2022-11-14,0.57,0.43,1.14,1.29,6.14,8.14,7.71,59.02,71.67,80.10,92.75,96.97,100.00,100.00,25.43,84.32
2022-11-15,0.71,0.57,1.14,1.86,6.57,7.43,6.71,59.03,71.68,80.11,92.76,96.98,100.00,100.00,25.00,84.33
2022-11-16,0.71,0.57,1.29,2.14,7.43,7.57,5.71,59.03,71.68,80.11,92.76,96.98,100.00,100.00,25.43,84.33
2022-11-17,0.57,0.57,1.57,2.14,7.00,7.71,5.57,59.04,71.69,80.12,92.77,96.99,100.00,100.00,25.14,84.34
2022-11-18,0.71,0.57,1.71,1.86,7.14,8.00,5.00,59.04,71.70,80.13,92.78,97.00,100.00,100.00,25.00,84.35
2022-11-19,0.57,0.57,1.71,1.86,6.71,7.71,4.71,59.04,71.70,80.13,92.78,97.00,100.00,100.00,23.86,84.35
2022-11-20,0.57,0.57,1.71,2.00,7.00,8.29,4.86,59.05,71.71,80.14,92.80,97.01,100.00,100.00,25.00,84.36
2022-11-21,0.71,0.43,2.00,2.14,6.86,9.14,4.57,59.06,71.71,80.15,92.81,97.03,100.00,100.00,25.86,84.37
2022-11-22,0.71,0.43,2.00,2.29,7.14,10.43,5.29,59.06,71.71,80.15,92.81,97.03,100.00,100.00,28.29,84.37
2022-11-23,0.71,0.57,2.00,2.43,6.43,9.43,5.43,59.07,71.72,80.16,92.82,97.04,100.00,100.00,27.00,84.38
2022-11-24,0.71,0.71,1.86,2.29,6.43,9.71,5.00,59.07,71.72,80.16,92.82,97.04,100.00,100.00,26.71,84.38
2022-11-25,0.57,0.71,1.86,2.57,7.29,9.57,5.00,59.07,71.73,80.17,92.83,97.05,100.00,100.00,27.57,84.39
2022-11-26,0.57,0.71,1.86,2.86,7.43,10.00,4.71,59.08,71.74,80.18,92.84,97.06,100.00,100.00,28.14,84.40
2022-11-27,0.57,0.86,1.71,2.86,7.14,9.43,4.29,59.08,71.74,80.18,92.84,97.06,100.00,100.00,26.86,84.40
2022-11-28,0.43,1.00,1.14,3.43,7.57,9.29,4.71,59.09,71.75,80.19,92.85,97.07,100.00,100.00,27.57,84.41
2022-11-29,0.43,1.00,1.00,3.00,6.71,8.86,4.00,59.09,71.75,80.19,92.85,97.07,100.00,100.00,25.00,84.41
2022-11-30,0.57,0.86,0.57,2.86,7.14,9.57,4.29,59.09,71.76,80.20,92.86,97.08,100.00,100.00,25.86,84.42
2022-12-01,0.71,0.57,0.57,3.29,7.57,8.86,5.43,59.10,71.77,80.21,92.87,97.09,100.00,100.00,27.00,84.43
2022-12-02,0.57,0.57,0.43,3.00,6.29,8.14,5.86,59.10,71.77,80.21,92.87,97.09,100.00,100.00,24.86,84.43
2022-12-03,0.57,0.57,0.57,2.86,6.00,8.43,6.00,59.11,71.77,80.22,92.88,97.11,100.00,100.00,25.00,84.44
2022-12-04,0.57,0.43,0.57,2.86,6.14,8.57,6.29,59.11,71.77,80.22,92.88,97.11,100.00,100.00,25.43,84.44
2022-12-05,0.57,0.29,1.14,2.71,5.86,7.43,6.43,59.11,71.78,80.23,92.90,97.12,100.00,100.00,24.43,84.45
2022-12-06,0.43,0.43,1.71,2.57,5.86,6.57,6.57,59.11,71.78,80.23,92.90,97.12,100.00,100.00,24.14,84.45
2022-12-07,0.29,0.43,2.00,2.57,5.57,5.86,6.43,59.12,71.79,80.24,92.91,97.13,100.00,100.00,23.14,84.46
2022-12-08,0.14,0.43,1.86,2.14,4.71,5.43,5.43,59.12,71.79,80.24,92.91,97.13,100.00,100.00,20.14,84.46
2022-12-09,0.43,0.57,1.86,2.14,5.29,5.71,6.00,59.13,71.80,80.25,92.92,97.14,100.00,100.00,22.00,84.47
2022-12-10,0.43,0.57,1.86,2.00,5.29,4.86,6.14,59.13,71.80,80.25,92.92,97.14,100.00,100.00,21.14,84.47
2022-12-11,0.43,0.57,1.86,1.86,5.43,4.57,5.86,59.14,71.81,80.26,92.93,97.15,100.00,100.00,20.57,84.48
2022-12-12,0.71,0.57,1.71,1.71,4.86,3.86,5.43,59.14,71.81,80.26,92.93,97.15,100.00,100.00,18.86,84.48
2022-12-13,0.71,0.29,1.14,2.14,4.86,4.29,5.71,59.14,71.82,80.27,92.94,97.16,100.00,100.00,19.14,84.49
2022-12-14,0.86,0.43,1.29,2.14,4.86,4.86,5.29,59.15,71.83,80.27,92.95,97.17,100.00,100.00,19.71,84.50
2022-12-15,1.00,0.43,1.71,2.57,5.29,5.29,6.00,59.15,71.83,80.27,92.95,97.17,100.00,100.00,22.29,84.50
2022-12-16,0.71,0.43,1.71,3.00,5.14,5.57,5.71,59.15,71.83,80.27,92.95,97.17,100.00,100.00,22.29,84.50
2022-12-17,0.71,0.43,1.57,3.00,5.14,5.57,5.57,59.16,71.83,80.28,92.96,97.19,100.00,100.00,22.00,84.51
2022-12-18,0.71,0.86,1.57,3.14,4.71,5.86,5.71,59.16,71.83,80.28,92.96,97.19,100.00,100.00,22.57,84.51
2022-12-19,0.43,1.00,1.29,3.14,5.14,6.86,5.71,59.16,71.84,80.29,92.97,97.20,100.00,100.00,23.57,84.52
2022-12-20,0.43,1.00,1.57,3.14,4.29,7.00,5.86,59.16,71.84,80.29,92.97,97.20,100.00,100.00,23.29,84.52
2022-12-21,0.29,1.00,1.29,3.43,3.86,7.00,5.57,59.17,71.85,80.30,92.98,97.21,100.00,100.00,22.43,84.53
2022-12-22,0.14,1.00,1.14,3.71,4.29,7.29,5.14,59.17,71.85,80.30,92.98,97.21,100.00,100.00,22.71,84.53
2022-12-23,0.14,0.86,1.00,3.14,3.57,6.14,4.00,59.18,71.86,80.31,92.99,97.22,100.00,100.00,18.86,84.54
2022-12-24,0.14,0.86,1.14,3.29,4.86,7.71,4.71,59.18,71.86,80.31,92.99,97.22,100.00,100.00,22.71,84.54
2022-12-25,0.29,0.43,1.29,3.29,4.86,7.57,4.57,59.18,71.87,80.32,93.01,97.23,100.00,100.00,22.29,84.55
2022-12-26,0.57,0.14,1.00,3.43,4.43,7.71,5.00,59.18,71.87,80.32,93.01,97.23,100.00,100.00,22.29,84.55
2022-12-27,0.57,0.14,1.14,3.14,5.14,7.14,4.71,59.19,71.88,80.33,93.02,97.24,100.00,100.00,22.00,84.56
2022-12-28,0.86,0.14,1.29,2.71,5.43,6.71,4.86,59.19,71.88,80.33,93.02,97.24,100.00,100.00,22.00,84.56
2022-12-29,0.86,0.14,1.43,2.86,5.00,7.00,4.71,59.20,71.88,80.34,93.03,97.26,100.00,100.00,22.00,84.57
2022-12-30,0.86,0.14,1.43,2.86,5.00,7.00,4.71,59.20,71.88,80.34,93.03,97.26,100.00,100.00,22.00,84.57
2022-12-31,0.86,0.14,1.29,2.71,3.71,5.29,3.86,59.20,71.88,80.34,93.03,97.26,100.00,100.00,17.86,84.57
2023-01-01,1.14,0.29,1.14,3.57,5.00,7.00,5.00,59.21,71.89,80.35,93.04,97.27,100.00,100.00,23.14,84.58
2023-01-02,0.71,0.29,1.43,2.71,3.86,5.14,3.43,59.21,71.89,80.35,93.04,97.27,100.00,100.00,17.57,84.58
2023-01-03,0.71,0.57,1.57,3.00,4.86,6.57,3.57,59.21,71.90,80.36,93.05,97.28,100.00,100.00,20.86,84.59
2023-01-04,0.57,0.43,1.57,3.43,5.29,7.29,3.43,59.21,71.90,80.36,93.05,97.28,100.00,100.00,22.00,84.59
2023-01-05,0.71,0.43,1.29,3.14,5.43,7.43,3.57,59.21,71.90,80.36,93.05,97.28,100.00,100.00,22.00,84.59
2023-01-06,1.00,0.43,1.57,3.43,5.86,8.43,3.57,59.22,71.91,80.37,93.06,97.29,100.00,100.00,24.29,84.60
2023-01-07,1.00,0.43,1.57,3.43,6.43,9.00,3.57,59.22,71.91,80.37,93.06,97.29,100.00,100.00,25.43,84.60
2023-01-08,0.57,0.29,1.57,2.43,5.29,7.29,2.71,59.23,71.92,80.38,93.07,97.30,100.00,100.00,20.14,84.61
2023-01-09,1.00,0.43,1.43,3.00,6.00,9.57,4.29,59.23,71.92,80.38,93.07,97.30,100.00,100.00,25.71,84.61
2023-01-10,1.29,0.14,0.86,3.00,4.86,8.86,4.00,59.23,71.92,80.38,93.07,97.30,100.00,100.00,23.00,84.61
2023-01-11,1.43,0.29,0.71,2.71,4.71,8.71,4.00,59.23,71.93,80.39,93.08,97.31,100.00,100.00,22.57,84.62
2023-01-12,1.29,0.43,0.57,2.57,4.29,7.43,3.86,59.23,71.93,80.39,93.08,97.31,100.00,100.00,20.43,84.62
2023-01-13,1.14,0.86,0.71,2.43,5.14,7.86,4.00,59.24,71.94,80.40,93.09,97.32,100.00,100.00,22.14,84.63
2023-01-14,1.14,0.86,0.71,2.43,4.71,7.57,4.43,59.24,71.94,80.40,93.09,97.32,100.00,100.00,21.86,84.63
2023-01-15,1.14,0.86,1.00,2.71,4.71,7.71,4.29,59.24,71.94,80.40,93.09,97.32,100.00,100.00,22.43,84.63
2023-01-16,0.71,0.86,1.29,3.43,4.71,6.57,3.71,59.25,71.94,80.41,93.10,97.34,100.00,100.00,21.29,84.64
2023-01-17,0.57,1.00,1.71,3.43,4.00,5.57,3.57,59.25,71.94,80.41,93.10,97.34,100.00,100.00,19.86,84.64
2023-01-18,0.43,0.86,1.86,3.14,3.71,5.00,4.29,59.25,71.94,80.41,93.10,97.34,100.00,100.00,19.29,84.64
2023-01-19,0.43,0.71,1.86,2.71,4.00,6.14,4.57,59.26,71.95,80.42,93.12,97.35,100.00,100.00,20.43,84.65
2023-01-20,0.43,0.43,1.43,2.71,3.14,5.43,4.71,59.26,71.95,80.42,93.12,97.35,100.00,100.00,18.29,84.65
2023-01-21,0.43,0.43,1.43,2.71,3.29,5.71,4.29,59.26,71.95,80.42,93.12,97.35,100.00,100.00,18.29,84.65
2023-01-22,0.43,0.43,1.14,2.43,3.29,5.43,4.29,59.26,71.96,80.43,93.13,97.36,100.00,100.00,17.43,84.66
2023-01-23,0.71,0.29,1.00,1.71,3.43,5.57,4.29,59.26,71.96,80.43,93.13,97.36,100.00,100.00,17.00,84.66
2023-01-24,0.57,0.14,0.71,1.29,3.86,6.00,4.29,59.26,71.96,80.43,93.13,97.36,100.00,100.00,16.86,84.66
2023-01-25,0.57,0.14,0.43,1.57,4.00,5.86,3.43,59.27,71.97,80.44,93.14,97.37,100.00,100.00,16.00,84.67
2023-01-26,0.86,0.29,0.71,2.14,3.57,5.86,3.43,59.27,71.97,80.44,93.14,97.37,100.00,100.00,16.86,84.67
2023-01-27,0.86,0.14,0.71,2.29,3.57,5.86,3.71,59.27,71.97,80.44,93.14,97.37,100.00,100.00,17.14,84.67
2023-01-28,0.86,0.14,0.71,2.29,3.43,5.71,4.00,59.28,71.98,80.45,93.15,97.38,100.00,100.00,17.14,84.68
2023-01-29,0.86,0.14,0.71,2.29,3.71,5.86,3.71,59.28,71.98,80.45,93.15,97.38,100.00,100.00,17.29,84.68
2023-01-30,0.86,0.43,0.43,2.14,3.29,6.14,3.29,59.28,71.98,80.45,93.15,97.38,100.00,100.00,16.57,84.68
2023-01-31,0.86,0.43,0.29,2.00,3.14,5.71,3.00,59.28,71.99,80.46,93.16,97.39,100.00,100.00,15.43,84.69
2023-02-01,0.71,0.43,0.43,2.00,2.57,6.00,3.00,59.28,71.99,80.46,93.16,97.39,100.00,100.00,15.14,84.69
2023-02-02,0.71,0.43,0.29,1.71,2.86,5.86,2.29,59.28,71.99,80.46,93.16,97.39,100.00,100.00,14.14,84.69
2023-02-03,0.57,0.43,0.43,1.71,3.14,5.57,2.14,59.29,72.00,80.47,93.17,97.41,100.00,100.00,14.00,84.70
2023-02-04,0.57,0.43,0.43,1.71,3.00,5.43,2.14,59.29,72.00,80.47,93.17,97.41,100.00,100.00,13.71,84.70
2023-02-05,0.57,0.43,0.43,1.71,2.71,5.71,2.29,59.29,72.00,80.47,93.17,97.41,100.00,100.00,13.86,84.70
2023-02-06,0.43,0.43,0.71,1.29,2.57,4.71,2.00,59.30,72.00,80.47,93.18,97.42,100.00,100.00,12.14,84.71
2023-02-07,0.43,0.43,0.86,1.57,3.86,4.86,2.43,59.30,72.00,80.47,93.18,97.42,100.00,100.00,14.43,84.71
2023-02-08,0.43,0.57,1.00,1.57,4.00,4.86,2.71,59.30,72.00,80.47,93.18,97.42,100.00,100.00,15.14,84.71
2023-02-09,0.29,0.57,1.00,1.71,3.57,4.29,2.71,59.30,72.00,80.47,93.18,97.42,100.00,100.00,14.14,84.71
2023-02-10,0.29,0.57,1.00,2.00,3.14,4.86,2.43,59.30,72.01,80.48,93.19,97.43,100.00,100.00,14.29,84.72
2023-02-11,0.29,0.57,1.00,2.29,3.14,4.57,2.14,59.30,72.01,80.48,93.19,97.43,100.00,100.00,14.00,84.72
2023-02-12,0.43,0.57,1.14,2.43,3.00,4.57,2.14,59.30,72.01,80.48,93.19,97.43,100.00,100.00,14.29,84.72
2023-02-13,0.43,0.43,1.14,2.71,2.86,3.86,2.43,59.30,72.01,80.48,93.19,97.43,100.00,100.00,13.86,84.72
2023-02-14,0.57,0.43,1.14,2.43,1.71,4.29,1.86,59.31,72.02,80.49,93.20,97.44,100.00,100.00,12.43,84.73
2023-02-15,0.57,0.43,0.86,2.29,1.71,4.00,1.57,59.31,72.02,80.49,93.20,97.44,100.00,100.00,11.43,84.73
2023-02-16,0.43,0.43,0.86,2.14,2.43,3.71,2.14,59.31,72.02,80.49,93.20,97.44,100.00,100.00,12.14,84.73
2023-02-17,0.43,0.43,0.71,2.29,2.71,3.43,2.43,59.32,72.03,80.50,93.21,97.45,100.00,100.00,12.43,84.74
2023-02-18,0.43,0.43,0.71,2.43,2.86,3.43,2.43,59.32,72.03,80.50,93.21,97.45,100.00,100.00,12.71,84.74
2023-02-19,0.29,0.43,0.57,2.29,3.00,3.14,2.43,59.32,72.03,80.50,93.21,97.45,100.00,100.00,12.14,84.74
2023-02-20,0.29,0.43,0.29,1.86,2.71,4.43,2.00,59.32,72.03,80.50,93.21,97.45,100.00,100.00,12.00,84.74
2023-02-21,0.14,0.43,0.29,2.29,3.00,4.43,2.00,59.32,72.04,80.51,93.23,97.46,100.00,100.00,12.57,84.75
2023-02-22,0.14,0.43,0.43,2.43,2.86,4.14,2.00,59.32,72.04,80.51,93.23,97.46,100.00,100.00,12.43,84.75
2023-02-23,0.14,0.29,0.43,2.29,2.57,3.86,1.57,59.32,72.04,80.51,93.23,97.46,100.00,100.00,11.14,84.75
2023-02-24,0.14,0.43,0.57,1.71,2.00,3.43,1.43,59.32,72.04,80.51,93.23,97.46,100.00,100.00,9.71,84.75
2023-02-25,0.14,0.43,0.57,1.43,1.86,3.43,1.43,59.33,72.05,80.52,93.24,97.47,100.00,100.00,9.29,84.76
2023-02-26,0.14,0.43,0.57,1.43,2.00,3.29,1.29,59.33,72.05,80.52,93.24,97.47,100.00,100.00,9.14,84.76
2023-02-27,0.00,0.57,1.00,1.71,1.86,2.71,1.43,59.33,72.05,80.52,93.24,97.47,100.00,100.00,9.29,84.76
2023-02-28,0.00,0.57,0.86,1.57,1.57,2.43,1.71,59.33,72.05,80.52,93.24,97.47,100.00,100.00,8.71,84.76
2023-03-01,0.14,0.43,0.71,1.29,2.00,2.43,1.57,59.34,72.05,80.53,93.25,97.49,100.00,100.00,8.57,84.77
2023-03-02,0.14,0.43,0.71,1.14,1.57,2.86,1.71,59.34,72.05,80.53,93.25,97.49,100.00,100.00,8.57,84.77
2023-03-03,0.29,0.29,0.71,1.29,2.00,3.71,1.57,59.34,72.05,80.53,93.25,97.49,100.00,100.00,9.86,84.77
2023-03-04,0.29,0.29,0.71,1.14,2.14,4.00,1.57,59.34,72.05,80.53,93.25,97.49,100.00,100.00,10.14,84.77
2023-03-05,0.43,0.29,0.71,1.14,1.86,4.29,1.71,59.34,72.05,80.53,93.25,97.49,100.00,100.00,10.43,84.77
2023-03-06,0.86,0.00,0.43,1.14,2.57,3.86,1.29,59.35,72.06,80.54,93.26,97.50,100.00,100.00,10.14,84.78
2023-03-07,0.86,0.00,0.71,0.86,2.86,3.86,0.86,59.35,72.06,80.54,93.26,97.50,100.00,100.00,10.00,84.78
2023-03-08,0.71,0.14,0.71,0.71,2.86,3.86,1.57,59.35,72.06,80.54,93.26,97.50,100.00,100.00,10.57,84.78
2023-03-09,0.71,0.14,0.57,1.00,3.14,3.86,1.43,59.35,72.06,80.54,93.26,97.50,100.00,100.00,10.86,84.78
2023-03-10,0.57,0.14,0.43,1.43,3.43,2.86,1.43,59.35,72.07,80.55,93.27,97.51,100.00,100.00,10.29,84.79
2023-03-11,0.57,0.14,0.43,1.57,3.71,2.57,1.86,59.35,72.07,80.55,93.27,97.51,100.00,100.00,10.86,84.79
2023-03-12,0.43,0.14,0.43,1.57,4.00,2.29,1.86,59.35,72.07,80.55,93.27,97.51,100.00,100.00,10.71,84.79
2023-03-13,0.29,0.14,0.29,1.43,3.71,2.86,2.43,59.35,72.07,80.55,93.27,97.51,100.00,100.00,11.14,84.79
2023-03-14,0.29,0.29,0.00,1.57,3.00,3.14,2.57,59.35,72.07,80.55,93.27,97.51,100.00,100.00,10.86,84.79
2023-03-15,0.29,0.29,0.14,2.00,2.57,3.14,2.29,59.36,72.08,80.56,93.28,97.52,100.00,100.00,10.71,84.80
2023-03-16,0.29,0.29,0.29,2.29,2.71,3.14,2.14,59.36,72.08,80.56,93.28,97.52,100.00,100.00,11.14,84.80
2023-03-17,0.29,0.29,0.43,1.71,2.43,4.14,2.29,59.36,72.08,80.56,93.28,97.52,100.00,100.00,11.57,84.80
2023-03-18,0.29,0.29,0.57,1.71,2.14,4.29,1.86,59.36,72.08,80.56,93.28,97.52,100.00,100.00,11.14,84.80
2023-03-19,0.29,0.29,0.57,1.86,2.00,4.71,1.71,59.36,72.08,80.56,93.28,97.52,100.00,100.00,11.43,84.80
2023-03-20,0.14,0.29,1.00,2.43,2.14,4.71,1.86,59.37,72.09,80.57,93.29,97.53,100.00,100.00,12.57,84.81
2023-03-21,0.43,0.29,1.00,2.57,3.00,5.14,2.29,59.37,72.09,80.57,93.29,97.53,100.00,100.00,14.71,84.81
2023-03-22,0.43,0.14,1.00,2.29,3.14,5.71,1.86,59.37,72.09,80.57,93.29,97.53,100.00,100.00,14.57,84.81
2023-03-23,0.43,0.14,1.29,1.86,3.29,5.71,2.14,59.37,72.09,80.57,93.29,97.53,100.00,100.00,14.86,84.81
2023-03-24,0.00,0.00,0.00,0.00,0.00,0.00,0.00,59.37,72.09,80.57,93.29,97.53,100.00,100.00,0.00,84.81
2023-03-25,0.00,0.00,0.00,0.00,0.00,0.00,0.00,59.37,72.10,80.58,93.30,97.54,100.00,100.00,0.00,84.82
2023-03-26,0.00,0.00,0.00,0.00,0.00,0.00,0.00,59.37,72.10,80.58,93.30,97.54,100.00,100.00,0.00,84.82
2023-03-27,0.00,0.00,0.00,0.00,0.00,0.00,0.00,59.37,72.10,80.58,93.30,97.54,100.00,100.00,0.00,84.82
2023-03-28,0.00,0.00,0.00,0.00,0.00,0.00,0.00,59.37,72.10,80.58,93.30,97.54,100.00,100.00,0.00,84.82
2023-03-29,0.00,0.00,0.00,0.00,0.00,0.00,0.00,59.37,72.10,80.58,93.30,97.54,100.00,100.00,0.00,84.82
2023-03-30,0.00,0.00,0.00,0.00,0.00,0.00,0.00,59.37,72.10,80.58,93.30,97.54,100.00,100.00,0.00,84.82
2023-03-31,0.57,0.29,1.00,1.57,3.14,4.71,2.57,59.38,72.11,80.59,93.31,97.55,100.00,100.00,13.86,84.83
2023-04-01,0.57,0.29,1.00,1.71,3.14,4.86,2.43,59.38,72.11,80.59,93.31,97.55,100.00,100.00,14.00,84.83
2023-04-02,0.57,0.29,1.14,1.57,3.43,4.57,2.00,59.38,72.11,80.59,93.31,97.55,100.00,100.00,13.57,84.83
2023-04-03,0.71,0.43,1.14,1.71,2.14,4.14,2.29,59.38,72.11,80.59,93.31,97.55,100.00,100.00,12.57,84.83
2023-04-04,0.86,0.29,1.29,1.43,2.29,4.14,2.29,59.38,72.11,80.59,93.31,97.55,100.00,100.00,12.57,84.83
2023-04-05,0.86,0.14,1.43,1.57,2.57,3.71,2.14,59.38,72.11,80.59,93.31,97.55,100.00,100.00,12.43,84.83
2023-04-06,0.57,0.14,1.29,1.43,2.43,2.86,1.71,59.39,72.11,80.60,93.32,97.57,100.00,100.00,10.43,84.84
2023-04-07,0.43,0.14,1.14,2.14,3.00,2.14,1.86,59.39,72.11,80.60,93.32,97.57,100.00,100.00,10.86,84.84
2023-04-08,0.57,0.14,1.14,2.00,3.00,1.71,2.00,59.39,72.11,80.60,93.32,97.57,100.00,100.00,10.57,84.84
2023-04-09,0.57,0.14,1.00,2.00,2.86,1.86,2.29,59.39,72.11,80.60,93.32,97.57,100.00,100.00,10.71,84.84
2023-04-10,0.43,0.00,0.71,1.86,3.57,3.43,2.43,59.39,72.11,80.60,93.32,97.57,100.00,100.00,12.43,84.84
2023-04-11,0.29,0.43,0.57,1.86,4.29,3.71,2.29,59.39,72.11,80.60,93.32,97.57,100.00,100.00,13.43,84.84
2023-04-12,0.29,0.57,0.43,2.00,4.86,4.29,2.29,59.39,72.12,80.61,93.34,97.58,100.00,100.00,14.71,84.85
2023-04-13,0.29,0.57,0.57,2.29,5.29,5.00,2.43,59.39,72.12,80.61,93.34,97.58,100.00,100.00,16.43,84.85
2023-04-14,0.29,0.57,0.43,1.57,4.71,5.29,2.43,59.39,72.12,80.61,93.34,97.58,100.00,100.00,15.29,84.85
2023-04-15,0.14,0.57,0.43,1.57,4.57,5.71,2.14,59.39,72.12,80.61,93.34,97.58,100.00,100.00,15.14,84.85
2023-04-16,0.14,0.57,0.43,1.57,4.57,5.86,1.86,59.39,72.12,80.61,93.34,97.58,100.00,100.00,15.00,84.85
2023-04-17,0.14,0.57,0.57,1.71,4.14,4.29,1.71,59.39,72.12,80.61,93.34,97.58,100.00,100.00,13.14,84.85
2023-04-18,0.29,0.14,0.43,1.57,3.29,4.14,1.57,59.39,72.12,80.61,93.34,97.58,100.00,100.00,11.43,84.85
2023-04-19,0.14,0.14,0.43,1.14,3.29,3.43,1.57,59.40,72.13,80.62,93.35,97.59,100.00,100.00,10.14,84.86
2023-04-20,0.14,0.14,0.29,0.86,3.00,3.29,1.57,59.40,72.13,80.62,93.35,97.59,100.00,100.00,9.29,84.86
2023-04-21,0.29,0.29,0.29,1.57,3.29,2.86,1.43,59.40,72.13,80.62,93.35,97.59,100.00,100.00,10.00,84.86
2023-04-22,0.29,0.29,0.29,1.57,3.57,2.71,1.57,59.40,72.13,80.62,93.35,97.59,100.00,100.00,10.29,84.86
2023-04-23,0.29,0.29,0.29,1.57,3.57,2.71,1.57,59.40,72.13,80.62,93.35,97.59,100.00,100.00,10.29,84.86
2023-04-24,0.29,0.29,0.14,1.29,3.43,3.00,0.86,59.40,72.13,80.62,93.35,97.59,100.00,100.00,9.29,84.86
2023-04-25,0.14,0.43,0.14,1.14,3.43,2.86,0.86,59.40,72.13,80.62,93.35,97.59,100.00,100.00,9.00,84.86
2023-04-26,0.14,0.29,0.14,1.00,3.14,3.14,0.71,59.41,72.14,80.63,93.36,97.60,100.00,100.00,8.57,84.87
2023-04-27,0.14,0.29,0.14,1.14,3.57,2.86,1.00,59.41,72.14,80.63,93.36,97.60,100.00,100.00,9.14,84.87
2023-04-28,0.00,0.14,0.14,0.43,2.86,2.71,0.86,59.41,72.14,80.63,93.36,97.60,100.00,100.00,7.14,84.87
2023-04-29,0.00,0.14,0.29,0.71,3.29,2.71,0.86,59.41,72.14,80.63,93.36,97.60,100.00,100.00,8.00,84.87
2023-04-30,0.00,0.14,0.29,0.71,3.29,2.43,0.86,59.41,72.14,80.63,93.36,97.60,100.00,100.00,7.71,84.87
2023-05-01,0.14,0.14,0.29,0.43,2.57,1.57,0.86,59.41,72.14,80.63,93.36,97.60,100.00,100.00,6.00,84.87
2023-05-02,0.14,0.00,0.57,0.57,2.86,2.00,1.43,59.41,72.14,80.63,93.36,97.60,100.00,100.00,7.57,84.87
2023-05-03,0.29,0.14,0.43,0.71,2.14,1.86,1.43,59.41,72.14,80.63,93.36,97.60,100.00,100.00,7.00,84.87
2023-05-04,0.29,0.14,0.43,0.57,1.57,1.71,1.14,59.42,72.15,80.64,93.37,97.61,100.00,100.00,5.86,84.88
2023-05-05,0.43,0.14,0.57,0.71,1.57,2.71,1.14,59.42,72.15,80.64,93.37,97.61,100.00,100.00,7.29,84.88
2023-05-06,0.43,0.14,0.43,0.43,0.71,2.43,1.00,59.42,72.15,80.64,93.37,97.61,100.00,100.00,5.57,84.88
2023-05-07,0.43,0.14,0.43,0.43,0.57,2.57,1.14,59.42,72.15,80.64,93.37,97.61,100.00,100.00,5.71,84.88
2023-05-08,0.29,0.14,0.43,0.57,0.57,2.71,1.14,59.42,72.15,80.64,93.37,97.61,100.00,100.00,5.86,84.88
2023-05-09,0.29,0.14,0.29,0.57,0.00,1.86,0.43,59.42,72.15,80.64,93.37,97.61,100.00,100.00,3.57,84.88
2023-05-10,0.14,0.00,0.29,0.71,0.00,1.86,0.29,59.42,72.15,80.64,93.37,97.61,100.00,100.00,3.29,84.88
2023-05-11,0.14,0.00,0.43,1.00,0.14,2.00,0.14,59.42,72.15,80.64,93.37,97.61,100.00,100.00,3.86,84.88
2023-05-12,0.00,0.00,0.29,0.86,0.29,1.00,0.14,59.42,72.16,80.65,93.38,97.62,100.00,100.00,2.57,84.89
2023-05-13,0.00,0.14,0.43,0.86,0.29,1.00,0.14,59.42,72.16,80.65,93.38,97.62,100.00,100.00,2.86,84.89
2023-05-14,0.00,0.14,0.43,0.86,0.57,1.00,0.14,59.42,72.16,80.65,93.38,97.62,100.00,100.00,3.14,84.89
2023-05-15,0.00,0.14,0.43,0.86,0.71,1.57,0.71,59.42,72.16,80.65,93.38,97.62,100.00,100.00,4.43,84.89
2023-05-16,0.00,0.14,0.29,0.86,0.71,1.57,0.71,59.42,72.16,80.65,93.38,97.62,100.00,100.00,4.29,84.89
2023-05-17,0.00,0.14,0.43,0.86,0.86,1.29,0.86,59.42,72.16,80.65,93.38,97.62,100.00,100.00,4.43,84.89
2023-05-18,0.00,0.29,0.29,0.57,0.71,1.00,0.86,59.42,72.16,80.65,93.38,97.62,100.00,100.00,3.71,84.89
2023-05-19,0.00,0.57,0.29,0.57,0.57,1.29,1.00,59.42,72.16,80.65,93.38,97.62,100.00,100.00,4.29,84.89
2023-05-20,0.00,0.43,0.14,0.57,0.57,1.43,1.14,59.42,72.16,80.65,93.38,97.62,100.00,100.00,4.29,84.89
2023-05-21,0.14,0.43,0.14,0.57,0.29,1.29,1.00,59.43,72.17,80.66,93.39,97.64,100.00,100.00,3.86,84.90
2023-05-22,0.14,0.43,0.14,0.43,0.71,0.57,0.43,59.43,72.17,80.66,93.39,97.64,100.00,100.00,2.86,84.90
2023-05-23,0.14,0.43,0.14,0.29,0.86,0.43,0.43,59.43,72.17,80.66,93.39,97.64,100.00,100.00,2.71,84.90
2023-05-24,0.14,0.43,0.00,0.00,0.71,0.71,0.43,59.43,72.17,80.66,93.39,97.64,100.00,100.00,2.43,84.90
2023-05-25,0.14,0.29,0.00,0.14,0.71,0.71,0.43,59.43,72.17,80.66,93.39,97.64,100.00,100.00,2.43,84.90
2023-05-26,0.14,0.14,0.00,0.14,0.86,0.86,0.43,59.43,72.17,80.66,93.39,97.64,100.00,100.00,2.57,84.90
2023-05-27,0.14,0.14,0.00,0.14,0.86,0.71,0.29,59.43,72.17,80.66,93.39,97.64,100.00,100.00,2.29,84.90
2023-05-28,0.00,0.14,0.00,0.14,1.00,0.71,0.43,59.43,72.17,80.66,93.39,97.64,100.00,100.00,2.43,84.90
2023-05-29,0.00,0.29,0.00,0.14,0.71,1.00,0.43,59.43,72.17,80.66,93.39,97.64,100.00,100.00,2.57,84.90
2023-05-30,0.00,0.29,0.00,0.14,0.57,1.00,0.43,59.43,72.17,80.66,93.39,97.64,100.00,100.00,2.43,84.90
2023-05-31,0.00,0.43,0.00,0.29,0.86,0.86,0.29,59.44,72.17,80.66,93.40,97.65,100.00,100.00,2.71,84.91
2023-06-01,0.00,0.43,0.00,0.14,1.00,1.00,0.29,59.44,72.17,80.66,93.40,97.65,100.00,100.00,2.86,84.91
2023-06-02,0.00,0.29,0.00,0.14,1.14,0.71,0.29,59.44,72.17,80.66,93.40,97.65,100.00,100.00,2.57,84.91
2023-06-03,0.00,0.29,0.00,0.14,1.29,0.71,0.29,59.44,72.17,80.66,93.40,97.65,100.00,100.00,2.71,84.91
2023-06-04,0.00,0.29,0.00,0.14,1.29,0.71,0.14,59.44,72.17,80.66,93.40,97.65,100.00,100.00,2.57,84.91
2023-06-05,0.00,0.29,0.00,0.29,1.00,0.43,0.14,59.44,72.17,80.66,93.40,97.65,100.00,100.00,2.14,84.91
2023-06-06,0.00,0.29,0.00,0.43,1.00,0.71,0.14,59.44,72.17,80.66,93.40,97.65,100.00,100.00,2.57,84.91
2023-06-07,0.00,0.29,0.00,0.29,0.86,0.71,0.14,59.44,72.17,80.66,93.40,97.65,100.00,100.00,2.29,84.91
2023-06-08,0.00,0.29,0.00,0.29,0.71,0.57,0.29,59.44,72.17,80.66,93.40,97.65,100.00,100.00,2.14,84.91
2023-06-09,0.14,0.29,0.00,0.43,0.57,0.57,0.14,59.44,72.17,80.66,93.40,97.65,100.00,100.00,2.14,84.91
2023-06-10,0.14,0.29,0.00,0.43,0.43,0.71,0.14,59.44,72.17,80.66,93.40,97.65,100.00,100.00,2.14,84.91
2023-06-11,0.14,0.29,0.00,0.43,0.57,0.71,0.14,59.44,72.18,80.67,93.41,97.66,100.00,100.00,2.29,84.92
2023-06-12,0.14,0.14,0.00,0.29,0.57,0.86,0.14,59.44,72.18,80.67,93.41,97.66,100.00,100.00,2.14,84.92
2023-06-13,0.14,0.14,0.00,0.14,0.71,0.57,0.14,59.44,72.18,80.67,93.41,97.66,100.00,100.00,1.86,84.92
2023-06-14,0.29,0.00,0.00,0.14,0.71,0.57,0.43,59.44,72.18,80.67,93.41,97.66,100.00,100.00,2.14,84.92
2023-06-15,0.29,0.00,0.00,0.14,0.71,0.71,0.29,59.44,72.18,80.67,93.41,97.66,100.00,100.00,2.14,84.92
2023-06-16,0.14,0.00,0.00,0.00,0.57,0.71,0.29,59.44,72.18,80.67,93.41,97.66,100.00,100.00,1.71,84.92
2023-06-17,0.14,0.00,0.00,0.00,0.57,0.71,0.29,59.44,72.18,80.67,93.41,97.66,100.00,100.00,1.71,84.92
2023-06-18,0.14,0.00,0.00,0.00,0.29,0.71,0.29,59.44,72.18,80.67,93.41,97.66,100.00,100.00,1.43,84.92
2023-06-19,0.14,0.14,0.00,0.29,0.43,0.57,0.29,59.44,72.18,80.67,93.41,97.66,100.00,100.00,1.86,84.92
2023-06-20,0.14,0.14,0.00,0.29,0.57,0.57,0.29,59.44,72.18,80.67,93.41,97.66,100.00,100.00,2.00,84.92
2023-06-21,0.00,0.14,0.00,0.29,0.43,0.71,0.00,59.44,72.18,80.67,93.41,97.66,100.00,100.00,1.57,84.92
2023-06-22,0.00,0.14,0.00,0.29,0.43,0.57,0.00,59.44,72.18,80.67,93.41,97.66,100.00,100.00,1.43,84.92
2023-06-23,0.00,0.14,0.00,0.29,0.43,0.43,0.00,59.44,72.18,80.67,93.41,97.66,100.00,100.00,1.29,84.92
2023-06-24,0.00,0.14,0.00,0.29,0.43,0.57,0.00,59.45,72.19,80.68,93.42,97.67,100.00,100.00,1.43,84.93
2023-06-25,0.00,0.14,0.00,0.29,0.43,0.57,0.00,59.45,72.19,80.68,93.42,97.67,100.00,100.00,1.43,84.93
2023-06-26,0.00,0.00,0.00,0.00,0.29,0.57,0.00,59.45,72.19,80.68,93.42,97.67,100.00,100.00,0.86,84.93
2023-06-27,0.00,0.00,0.00,0.00,0.00,0.71,0.00,59.45,72.19,80.68,93.42,97.67,100.00,100.00,0.71,84.93
2023-06-28,0.00,0.00,0.00,0.00,0.14,0.43,0.00,59.45,72.19,80.68,93.42,97.67,100.00,100.00,0.57,84.93
2023-06-29,0.00,0.00,0.00,0.00,0.14,0.43,0.00,59.45,72.19,80.68,93.42,97.67,100.00,100.00,0.57,84.93
2023-06-30,0.00,0.00,0.00,0.00,0.14,0.57,0.00,59.45,72.19,80.68,93.42,97.67,100.00,100.00,0.71,84.93
2023-07-01,0.00,0.00,0.00,0.00,0.14,0.29,0.14,59.45,72.19,80.68,93.42,97.67,100.00,100.00,0.57,84.93
2023-07-02,0.00,0.00,0.00,0.00,0.14,0.29,0.00,59.45,72.19,80.68,93.42,97.67,100.00,100.00,0.43,84.93
2023-07-03,0.00,0.00,0.00,0.00,0.29,0.29,0.00,59.45,72.19,80.68,93.42,97.67,100.00,100.00,0.57,84.93
2023-07-04,0.00,0.00,0.00,0.00,0.29,0.29,0.00,59.45,72.19,80.68,93.42,97.67,100.00,100.00,0.57,84.93
2023-07-05,0.14,0.00,0.14,0.00,0.14,0.43,0.00,59.45,72.19,80.68,93.42,97.67,100.00,100.00,0.86,84.93
2023-07-06,0.14,0.00,0.14,0.00,0.14,0.43,0.00,59.45,72.19,80.68,93.42,97.67,100.00,100.00,0.86,84.93
2023-07-07,0.14,0.00,0.14,0.00,0.14,0.29,0.00,59.45,72.19,80.68,93.42,97.67,100.00,100.00,0.71,84.93
2023-07-08,0.14,0.00,0.14,0.00,0.29,0.29,0.00,59.46,72.20,80.69,93.43,97.68,100.00,100.00,0.86,84.94
2023-07-09,0.14,0.00,0.14,0.00,0.29,0.29,0.00,59.46,72.20,80.69,93.43,97.68,100.00,100.00,0.86,84.94
2023-07-10,0.14,0.00,0.14,0.00,0.14,0.29,0.00,59.46,72.20,80.69,93.43,97.68,100.00,100.00,0.71,84.94
2023-07-11,0.14,0.00,0.14,0.00,0.43,0.14,0.00,59.46,72.20,80.69,93.43,97.68,100.00,100.00,0.86,84.94
2023-07-12,0.00,0.00,0.00,0.14,0.57,0.00,0.00,59.46,72.20,80.69,93.43,97.68,100.00,100.00,0.71,84.94
2023-07-13,0.00,0.00,0.00,0.14,0.57,0.00,0.14,59.46,72.20,80.69,93.43,97.68,100.00,100.00,0.86,84.94
2023-07-14,0.00,0.00,0.00,0.14,0.57,0.14,0.14,59.46,72.20,80.69,93.43,97.68,100.00,100.00,1.00,84.94
2023-07-15,0.00,0.00,0.00,0.14,0.43,0.14,0.14,59.46,72.20,80.69,93.43,97.68,100.00,100.00,0.86,84.94
2023-07-16,0.00,0.00,0.00,0.14,0.43,0.14,0.14,59.46,72.20,80.69,93.43,97.68,100.00,100.00,0.86,84.94
2023-07-17,0.00,0.00,0.00,0.14,0.57,0.14,0.29,59.46,72.20,80.69,93.43,97.68,100.00,100.00,1.14,84.94
2023-07-18,0.00,0.00,0.00,0.14,0.29,0.29,0.43,59.46,72.20,80.69,93.43,97.68,100.00,100.00,1.14,84.94
2023-07-19,0.00,0.00,0.00,0.00,0.29,0.43,0.43,59.46,72.20,80.69,93.43,97.68,100.00,100.00,1.14,84.94
2023-07-20,0.00,0.00,0.00,0.00,0.29,0.43,0.29,59.46,72.20,80.69,93.43,97.68,100.00,100.00,1.00,84.94
2023-07-21,0.00,0.14,0.00,0.00,0.29,0.57,0.29,59.46,72.20,80.69,93.43,97.68,100.00,100.00,1.29,84.94
2023-07-22,0.00,0.14,0.00,0.00,0.29,0.57,0.29,59.46,72.20,80.69,93.43,97.68,100.00,100.00,1.29,84.94
2023-07-23,0.00,0.14,0.00,0.00,0.29,0.57,0.29,59.46,72.20,80.69,93.43,97.68,100.00,100.00,1.29,84.94
2023-07-24,0.00,0.14,0.00,0.14,0.43,0.71,0.29,59.46,72.20,80.69,93.43,97.68,100.00,100.00,1.71,84.94
2023-07-25,0.00,0.14,0.00,0.14,0.57,0.57,0.14,59.46,72.21,80.70,93.45,97.69,100.00,100.00,1.57,84.95
2023-07-26,0.00,0.14,0.00,0.14,0.43,0.43,0.14,59.46,72.21,80.70,93.45,97.69,100.00,100.00,1.29,84.95
2023-07-27,0.00,0.14,0.00,0.29,0.43,0.43,0.14,59.46,72.21,80.70,93.45,97.69,100.00,100.00,1.43,84.95
2023-07-28,0.00,0.00,0.00,0.29,0.43,0.14,0.14,59.46,72.21,80.70,93.45,97.69,100.00,100.00,1.00,84.95
2023-07-29,0.00,0.00,0.00,0.29,0.43,0.14,0.14,59.46,72.21,80.70,93.45,97.69,100.00,100.00,1.00,84.95
2023-07-30,0.00,0.00,0.14,0.29,0.43,0.14,0.14,59.46,72.21,80.70,93.45,97.69,100.00,100.00,1.14,84.95
2023-07-31,0.00,0.00,0.14,0.14,0.14,0.00,0.00,59.46,72.21,80.70,93.45,97.69,100.00,100.00,0.43,84.95
2023-08-01,0.00,0.00,0.14,0.14,0.00,0.00,0.00,59.46,72.21,80.70,93.45,97.69,100.00,100.00,0.29,84.95
2023-08-02,0.00,0.00,0.14,0.14,0.00,0.14,0.14,59.46,72.21,80.70,93.45,97.69,100.00,100.00,0.57,84.95
2023-08-03,0.00,0.00,0.14,0.00,0.00,0.14,0.14,59.46,72.21,80.70,93.45,97.69,100.00,100.00,0.43,84.95
2023-08-04,0.00,0.00,0.14,0.00,0.00,0.14,0.14,59.46,72.21,80.70,93.45,97.69,100.00,100.00,0.43,84.95
2023-08-05,0.00,0.00,0.14,0.00,0.00,0.14,0.14,59.46,72.21,80.70,93.45,97.69,100.00,100.00,0.43,84.95
2023-08-06,0.00,0.00,0.00,0.00,0.14,0.14,0.14,59.46,72.21,80.70,93.45,97.69,100.00,100.00,0.43,84.95
2023-08-07,0.14,0.00,0.00,0.00,0.29,0.14,0.14,59.46,72.21,80.70,93.45,97.69,100.00,100.00,0.71,84.95
2023-08-08,0.14,0.00,0.00,0.00,0.29,0.14,0.14,59.46,72.21,80.70,93.45,97.69,100.00,100.00,0.71,84.95
2023-08-09,0.14,0.00,0.00,0.00,0.29,0.00,0.00,59.46,72.21,80.70,93.45,97.69,100.00,100.00,0.43,84.95
2023-08-10,0.14,0.00,0.00,0.00,0.29,0.00,0.00,59.46,72.21,80.70,93.45,97.69,100.00,100.00,0.43,84.95
2023-08-11,0.14,0.00,0.00,0.00,0.29,0.00,0.14,59.46,72.21,80.70,93.45,97.69,100.00,100.00,0.57,84.95
2023-08-12,0.14,0.00,0.00,0.00,0.29,0.00,0.14,59.46,72.21,80.70,93.45,97.69,100.00,100.00,0.57,84.95
2023-08-13,0.14,0.00,0.00,0.00,0.14,0.14,0.14,59.46,72.21,80.70,93.45,97.69,100.00,100.00,0.57,84.95
2023-08-14,0.14,0.00,0.00,0.14,0.00,0.43,0.14,59.47,72.22,80.71,93.46,97.70,100.00,100.00,0.86,84.96
2023-08-15,0.14,0.00,0.00,0.14,0.00,0.43,0.14,59.47,72.22,80.71,93.46,97.70,100.00,100.00,0.86,84.96
2023-08-16,0.14,0.00,0.00,0.14,0.00,0.43,0.14,59.47,72.22,80.71,93.46,97.70,100.00,100.00,0.86,84.96
2023-08-17,0.14,0.00,0.00,0.29,0.00,0.43,0.14,59.47,72.22,80.71,93.46,97.70,100.00,100.00,1.00,84.96
2023-08-18,0.14,0.00,0.00,0.29,0.00,0.86,0.00,59.47,72.22,80.71,93.46,97.70,100.00,100.00,1.29,84.96
2023-08-19,0.14,0.00,0.00,0.29,0.00,0.86,0.00,59.47,72.22,80.71,93.46,97.70,100.00,100.00,1.29,84.96
2023-08-20,0.14,0.00,0.00,0.29,0.00,0.71,0.00,59.47,72.22,80.71,93.46,97.70,100.00,100.00,1.14,84.96
2023-08-21,0.00,0.00,0.00,0.14,0.00,0.43,0.00,59.47,72.22,80.71,93.46,97.70,100.00,100.00,0.57,84.96
2023-08-22,0.00,0.00,0.00,0.14,0.14,0.43,0.00,59.47,72.22,80.71,93.46,97.70,100.00,100.00,0.71,84.96
2023-08-23,0.00,0.00,0.00,0.14,0.14,0.43,0.00,59.47,72.22,80.71,93.46,97.70,100.00,100.00,0.71,84.96
2023-08-24,0.00,0.00,0.00,0.00,0.29,0.43,0.00,59.47,72.22,80.71,93.46,97.70,100.00,100.00,0.71,84.96
2023-08-25,0.00,0.00,0.00,0.00,0.29,0.14,0.00,59.47,72.22,80.71,93.46,97.70,100.00,100.00,0.43,84.96
2023-08-26,0.00,0.00,0.00,0.00,0.29,0.14,0.00,59.47,72.22,80.71,93.46,97.70,100.00,100.00,0.43,84.96
2023-08-27,0.00,0.00,0.00,0.00,0.29,0.14,0.00,59.47,72.22,80.71,93.46,97.70,100.00,100.00,0.43,84.96
2023-08-28,0.00,0.00,0.00,0.00,0.57,0.14,0.00,59.47,72.22,80.71,93.46,97.70,100.00,100.00,0.71,84.96
2023-08-29,0.00,0.00,0.00,0.00,0.00,0.00,0.00,59.47,72.22,80.71,93.46,97.70,100.00,100.00,0.00,84.96
2023-08-30,0.00,0.00,0.00,0.00,0.00,0.00,0.00,59.47,72.22,80.71,93.46,97.70,100.00,100.00,0.00,84.96
2023-08-31,0.00,0.00,0.00,0.00,0.00,0.00,0.00,59.47,72.22,80.71,93.46,97.70,100.00,100.00,0.00,84.96
